version,split,modality,position,zero_count,sample_count
aligned,train,text,0,0,3395
aligned,train,text,1,0,3395
aligned,train,text,2,0,3395
aligned,train,text,3,0,3395
aligned,train,text,4,0,3395
aligned,train,text,5,0,3395
aligned,train,text,6,0,3395
aligned,train,text,7,0,3395
aligned,train,text,8,0,3395
aligned,train,text,9,0,3395
aligned,train,text,10,0,3395
aligned,train,text,11,0,3395
aligned,train,text,12,0,3395
aligned,train,text,13,0,3395
aligned,train,text,14,0,3395
aligned,train,text,15,0,3395
aligned,train,text,16,0,3395
aligned,train,text,17,0,3395
aligned,train,text,18,0,3395
aligned,train,text,19,0,3395
aligned,train,text,20,0,3395
aligned,train,text,21,0,3395
aligned,train,text,22,0,3395
aligned,train,text,23,0,3395
aligned,train,text,24,0,3395
aligned,train,text,25,0,3395
aligned,train,text,26,0,3395
aligned,train,text,27,0,3395
aligned,train,text,28,0,3395
aligned,train,text,29,0,3395
aligned,train,text,30,0,3395
aligned,train,text,31,0,3395
aligned,train,text,32,0,3395
aligned,train,text,33,0,3395
aligned,train,text,34,0,3395
aligned,train,text,35,0,3395
aligned,train,text,36,0,3395
aligned,train,text,37,0,3395
aligned,train,text,38,0,3395
aligned,train,text,39,0,3395
aligned,train,text,40,0,3395
aligned,train,text,41,0,3395
aligned,train,text,42,0,3395
aligned,train,text,43,0,3395
aligned,train,text,44,0,3395
aligned,train,text,45,0,3395
aligned,train,text,46,0,3395
aligned,train,text,47,0,3395
aligned,train,text,48,0,3395
aligned,train,text,49,0,3395
aligned,train,audio,0,3395,3395
aligned,train,audio,1,4,3395
aligned,train,audio,2,20,3395
aligned,train,audio,3,26,3395
aligned,train,audio,4,38,3395
aligned,train,audio,5,72,3395
aligned,train,audio,6,115,3395
aligned,train,audio,7,185,3395
aligned,train,audio,8,258,3395
aligned,train,audio,9,336,3395
aligned,train,audio,10,437,3395
aligned,train,audio,11,511,3395
aligned,train,audio,12,607,3395
aligned,train,audio,13,719,3395
aligned,train,audio,14,839,3395
aligned,train,audio,15,974,3395
aligned,train,audio,16,1107,3395
aligned,train,audio,17,1218,3395
aligned,train,audio,18,1337,3395
aligned,train,audio,19,1466,3395
aligned,train,audio,20,1598,3395
aligned,train,audio,21,1702,3395
aligned,train,audio,22,1824,3395
aligned,train,audio,23,1928,3395
aligned,train,audio,24,2044,3395
aligned,train,audio,25,2138,3395
aligned,train,audio,26,2237,3395
aligned,train,audio,27,2318,3395
aligned,train,audio,28,2388,3395
aligned,train,audio,29,2466,3395
aligned,train,audio,30,2545,3395
aligned,train,audio,31,2598,3395
aligned,train,audio,32,2657,3395
aligned,train,audio,33,2705,3395
aligned,train,audio,34,2767,3395
aligned,train,audio,35,2814,3395
aligned,train,audio,36,2847,3395
aligned,train,audio,37,2883,3395
aligned,train,audio,38,2914,3395
aligned,train,audio,39,2957,3395
aligned,train,audio,40,2981,3395
aligned,train,audio,41,3002,3395
aligned,train,audio,42,3017,3395
aligned,train,audio,43,3043,3395
aligned,train,audio,44,3058,3395
aligned,train,audio,45,3079,3395
aligned,train,audio,46,3099,3395
aligned,train,audio,47,3123,3395
aligned,train,audio,48,3142,3395
aligned,train,audio,49,3395,3395
aligned,train,vision,0,3395,3395
aligned,train,vision,1,226,3395
aligned,train,vision,2,233,3395
aligned,train,vision,3,239,3395
aligned,train,vision,4,251,3395
aligned,train,vision,5,283,3395
aligned,train,vision,6,320,3395
aligned,train,vision,7,382,3395
aligned,train,vision,8,444,3395
aligned,train,vision,9,511,3395
aligned,train,vision,10,611,3395
aligned,train,vision,11,678,3395
aligned,train,vision,12,764,3395
aligned,train,vision,13,874,3395
aligned,train,vision,14,990,3395
aligned,train,vision,15,1110,3395
aligned,train,vision,16,1242,3395
aligned,train,vision,17,1338,3395
aligned,train,vision,18,1460,3395
aligned,train,vision,19,1575,3395
aligned,train,vision,20,1688,3395
aligned,train,vision,21,1786,3395
aligned,train,vision,22,1900,3395
aligned,train,vision,23,2003,3395
aligned,train,vision,24,2106,3395
aligned,train,vision,25,2189,3395
aligned,train,vision,26,2289,3395
aligned,train,vision,27,2360,3395
aligned,train,vision,28,2423,3395
aligned,train,vision,29,2500,3395
aligned,train,vision,30,2575,3395
aligned,train,vision,31,2626,3395
aligned,train,vision,32,2682,3395
aligned,train,vision,33,2727,3395
aligned,train,vision,34,2790,3395
aligned,train,vision,35,2836,3395
aligned,train,vision,36,2869,3395
aligned,train,vision,37,2904,3395
aligned,train,vision,38,2934,3395
aligned,train,vision,39,2971,3395
aligned,train,vision,40,2994,3395
aligned,train,vision,41,3013,3395
aligned,train,vision,42,3027,3395
aligned,train,vision,43,3052,3395
aligned,train,vision,44,3069,3395
aligned,train,vision,45,3092,3395
aligned,train,vision,46,3108,3395
aligned,train,vision,47,3133,3395
aligned,train,vision,48,3150,3395
aligned,train,vision,49,3395,3395
aligned,valid,text,0,0,728
aligned,valid,text,1,0,728
aligned,valid,text,2,0,728
aligned,valid,text,3,0,728
aligned,valid,text,4,0,728
aligned,valid,text,5,0,728
aligned,valid,text,6,0,728
aligned,valid,text,7,0,728
aligned,valid,text,8,0,728
aligned,valid,text,9,0,728
aligned,valid,text,10,0,728
aligned,valid,text,11,0,728
aligned,valid,text,12,0,728
aligned,valid,text,13,0,728
aligned,valid,text,14,0,728
aligned,valid,text,15,0,728
aligned,valid,text,16,0,728
aligned,valid,text,17,0,728
aligned,valid,text,18,0,728
aligned,valid,text,19,0,728
aligned,valid,text,20,0,728
aligned,valid,text,21,0,728
aligned,valid,text,22,0,728
aligned,valid,text,23,0,728
aligned,valid,text,24,0,728
aligned,valid,text,25,0,728
aligned,valid,text,26,0,728
aligned,valid,text,27,0,728
aligned,valid,text,28,0,728
aligned,valid,text,29,0,728
aligned,valid,text,30,0,728
aligned,valid,text,31,0,728
aligned,valid,text,32,0,728
aligned,valid,text,33,0,728
aligned,valid,text,34,0,728
aligned,valid,text,35,0,728
aligned,valid,text,36,0,728
aligned,valid,text,37,0,728
aligned,valid,text,38,0,728
aligned,valid,text,39,0,728
aligned,valid,text,40,0,728
aligned,valid,text,41,0,728
aligned,valid,text,42,0,728
aligned,valid,text,43,0,728
aligned,valid,text,44,0,728
aligned,valid,text,45,0,728
aligned,valid,text,46,0,728
aligned,valid,text,47,0,728
aligned,valid,text,48,0,728
aligned,valid,text,49,0,728
aligned,valid,audio,0,728,728
aligned,valid,audio,1,1,728
aligned,valid,audio,2,5,728
aligned,valid,audio,3,6,728
aligned,valid,audio,4,10,728
aligned,valid,audio,5,11,728
aligned,valid,audio,6,16,728
aligned,valid,audio,7,27,728
aligned,valid,audio,8,42,728
aligned,valid,audio,9,56,728
aligned,valid,audio,10,68,728
aligned,valid,audio,11,84,728
aligned,valid,audio,12,93,728
aligned,valid,audio,13,112,728
aligned,valid,audio,14,144,728
aligned,valid,audio,15,166,728
aligned,valid,audio,16,193,728
aligned,valid,audio,17,233,728
aligned,valid,audio,18,259,728
aligned,valid,audio,19,288,728
aligned,valid,audio,20,320,728
aligned,valid,audio,21,341,728
aligned,valid,audio,22,365,728
aligned,valid,audio,23,391,728
aligned,valid,audio,24,412,728
aligned,valid,audio,25,438,728
aligned,valid,audio,26,455,728
aligned,valid,audio,27,478,728
aligned,valid,audio,28,496,728
aligned,valid,audio,29,512,728
aligned,valid,audio,30,529,728
aligned,valid,audio,31,543,728
aligned,valid,audio,32,548,728
aligned,valid,audio,33,575,728
aligned,valid,audio,34,590,728
aligned,valid,audio,35,599,728
aligned,valid,audio,36,608,728
aligned,valid,audio,37,615,728
aligned,valid,audio,38,623,728
aligned,valid,audio,39,632,728
aligned,valid,audio,40,639,728
aligned,valid,audio,41,644,728
aligned,valid,audio,42,650,728
aligned,valid,audio,43,654,728
aligned,valid,audio,44,659,728
aligned,valid,audio,45,662,728
aligned,valid,audio,46,670,728
aligned,valid,audio,47,675,728
aligned,valid,audio,48,681,728
aligned,valid,audio,49,728,728
aligned,valid,vision,0,728,728
aligned,valid,vision,1,40,728
aligned,valid,vision,2,47,728
aligned,valid,vision,3,45,728
aligned,valid,vision,4,51,728
aligned,valid,vision,5,52,728
aligned,valid,vision,6,58,728
aligned,valid,vision,7,69,728
aligned,valid,vision,8,76,728
aligned,valid,vision,9,96,728
aligned,valid,vision,10,101,728
aligned,valid,vision,11,119,728
aligned,valid,vision,12,126,728
aligned,valid,vision,13,146,728
aligned,valid,vision,14,174,728
aligned,valid,vision,15,199,728
aligned,valid,vision,16,230,728
aligned,valid,vision,17,265,728
aligned,valid,vision,18,286,728
aligned,valid,vision,19,313,728
aligned,valid,vision,20,341,728
aligned,valid,vision,21,363,728
aligned,valid,vision,22,381,728
aligned,valid,vision,23,406,728
aligned,valid,vision,24,427,728
aligned,valid,vision,25,453,728
aligned,valid,vision,26,469,728
aligned,valid,vision,27,490,728
aligned,valid,vision,28,508,728
aligned,valid,vision,29,523,728
aligned,valid,vision,30,540,728
aligned,valid,vision,31,550,728
aligned,valid,vision,32,555,728
aligned,valid,vision,33,579,728
aligned,valid,vision,34,595,728
aligned,valid,vision,35,604,728
aligned,valid,vision,36,614,728
aligned,valid,vision,37,620,728
aligned,valid,vision,38,629,728
aligned,valid,vision,39,638,728
aligned,valid,vision,40,645,728
aligned,valid,vision,41,647,728
aligned,valid,vision,42,654,728
aligned,valid,vision,43,659,728
aligned,valid,vision,44,664,728
aligned,valid,vision,45,666,728
aligned,valid,vision,46,674,728
aligned,valid,vision,47,680,728
aligned,valid,vision,48,685,728
aligned,valid,vision,49,728,728
unaligned,train,text,0,0,3395
unaligned,train,text,1,0,3395
unaligned,train,text,2,0,3395
unaligned,train,text,3,0,3395
unaligned,train,text,4,0,3395
unaligned,train,text,5,0,3395
unaligned,train,text,6,0,3395
unaligned,train,text,7,0,3395
unaligned,train,text,8,0,3395
unaligned,train,text,9,0,3395
unaligned,train,text,10,0,3395
unaligned,train,text,11,0,3395
unaligned,train,text,12,0,3395
unaligned,train,text,13,0,3395
unaligned,train,text,14,0,3395
unaligned,train,text,15,0,3395
unaligned,train,text,16,0,3395
unaligned,train,text,17,0,3395
unaligned,train,text,18,0,3395
unaligned,train,text,19,0,3395
unaligned,train,text,20,0,3395
unaligned,train,text,21,0,3395
unaligned,train,text,22,0,3395
unaligned,train,text,23,0,3395
unaligned,train,text,24,0,3395
unaligned,train,text,25,0,3395
unaligned,train,text,26,0,3395
unaligned,train,text,27,0,3395
unaligned,train,text,28,0,3395
unaligned,train,text,29,0,3395
unaligned,train,text,30,0,3395
unaligned,train,text,31,0,3395
unaligned,train,text,32,0,3395
unaligned,train,text,33,0,3395
unaligned,train,text,34,0,3395
unaligned,train,text,35,0,3395
unaligned,train,text,36,0,3395
unaligned,train,text,37,0,3395
unaligned,train,text,38,0,3395
unaligned,train,text,39,0,3395
unaligned,train,text,40,0,3395
unaligned,train,text,41,0,3395
unaligned,train,text,42,0,3395
unaligned,train,text,43,0,3395
unaligned,train,text,44,0,3395
unaligned,train,text,45,0,3395
unaligned,train,text,46,0,3395
unaligned,train,text,47,0,3395
unaligned,train,text,48,0,3395
unaligned,train,text,49,0,3395
unaligned,train,audio,0,0,3395
unaligned,train,audio,1,0,3395
unaligned,train,audio,2,0,3395
unaligned,train,audio,3,0,3395
unaligned,train,audio,4,0,3395
unaligned,train,audio,5,0,3395
unaligned,train,audio,6,0,3395
unaligned,train,audio,7,0,3395
unaligned,train,audio,8,2,3395
unaligned,train,audio,9,2,3395
unaligned,train,audio,10,2,3395
unaligned,train,audio,11,2,3395
unaligned,train,audio,12,2,3395
unaligned,train,audio,13,3,3395
unaligned,train,audio,14,4,3395
unaligned,train,audio,15,4,3395
unaligned,train,audio,16,7,3395
unaligned,train,audio,17,7,3395
unaligned,train,audio,18,8,3395
unaligned,train,audio,19,9,3395
unaligned,train,audio,20,9,3395
unaligned,train,audio,21,11,3395
unaligned,train,audio,22,11,3395
unaligned,train,audio,23,13,3395
unaligned,train,audio,24,13,3395
unaligned,train,audio,25,14,3395
unaligned,train,audio,26,16,3395
unaligned,train,audio,27,20,3395
unaligned,train,audio,28,23,3395
unaligned,train,audio,29,28,3395
unaligned,train,audio,30,28,3395
unaligned,train,audio,31,30,3395
unaligned,train,audio,32,30,3395
unaligned,train,audio,33,34,3395
unaligned,train,audio,34,40,3395
unaligned,train,audio,35,51,3395
unaligned,train,audio,36,58,3395
unaligned,train,audio,37,73,3395
unaligned,train,audio,38,81,3395
unaligned,train,audio,39,89,3395
unaligned,train,audio,40,100,3395
unaligned,train,audio,41,112,3395
unaligned,train,audio,42,125,3395
unaligned,train,audio,43,141,3395
unaligned,train,audio,44,148,3395
unaligned,train,audio,45,159,3395
unaligned,train,audio,46,176,3395
unaligned,train,audio,47,188,3395
unaligned,train,audio,48,195,3395
unaligned,train,audio,49,209,3395
unaligned,train,audio,50,222,3395
unaligned,train,audio,51,240,3395
unaligned,train,audio,52,255,3395
unaligned,train,audio,53,267,3395
unaligned,train,audio,54,279,3395
unaligned,train,audio,55,292,3395
unaligned,train,audio,56,308,3395
unaligned,train,audio,57,333,3395
unaligned,train,audio,58,349,3395
unaligned,train,audio,59,363,3395
unaligned,train,audio,60,375,3395
unaligned,train,audio,61,393,3395
unaligned,train,audio,62,411,3395
unaligned,train,audio,63,432,3395
unaligned,train,audio,64,449,3395
unaligned,train,audio,65,466,3395
unaligned,train,audio,66,485,3395
unaligned,train,audio,67,504,3395
unaligned,train,audio,68,521,3395
unaligned,train,audio,69,548,3395
unaligned,train,audio,70,566,3395
unaligned,train,audio,71,582,3395
unaligned,train,audio,72,601,3395
unaligned,train,audio,73,619,3395
unaligned,train,audio,74,646,3395
unaligned,train,audio,75,664,3395
unaligned,train,audio,76,681,3395
unaligned,train,audio,77,702,3395
unaligned,train,audio,78,719,3395
unaligned,train,audio,79,732,3395
unaligned,train,audio,80,750,3395
unaligned,train,audio,81,770,3395
unaligned,train,audio,82,786,3395
unaligned,train,audio,83,806,3395
unaligned,train,audio,84,825,3395
unaligned,train,audio,85,844,3395
unaligned,train,audio,86,858,3395
unaligned,train,audio,87,875,3395
unaligned,train,audio,88,896,3395
unaligned,train,audio,89,916,3395
unaligned,train,audio,90,936,3395
unaligned,train,audio,91,954,3395
unaligned,train,audio,92,977,3395
unaligned,train,audio,93,995,3395
unaligned,train,audio,94,1016,3395
unaligned,train,audio,95,1034,3395
unaligned,train,audio,96,1054,3395
unaligned,train,audio,97,1069,3395
unaligned,train,audio,98,1082,3395
unaligned,train,audio,99,1107,3395
unaligned,train,audio,100,1126,3395
unaligned,train,audio,101,1149,3395
unaligned,train,audio,102,1171,3395
unaligned,train,audio,103,1188,3395
unaligned,train,audio,104,1205,3395
unaligned,train,audio,105,1225,3395
unaligned,train,audio,106,1255,3395
unaligned,train,audio,107,1276,3395
unaligned,train,audio,108,1301,3395
unaligned,train,audio,109,1325,3395
unaligned,train,audio,110,1343,3395
unaligned,train,audio,111,1362,3395
unaligned,train,audio,112,1391,3395
unaligned,train,audio,113,1416,3395
unaligned,train,audio,114,1434,3395
unaligned,train,audio,115,1454,3395
unaligned,train,audio,116,1483,3395
unaligned,train,audio,117,1502,3395
unaligned,train,audio,118,1523,3395
unaligned,train,audio,119,1548,3395
unaligned,train,audio,120,1561,3395
unaligned,train,audio,121,1577,3395
unaligned,train,audio,122,1595,3395
unaligned,train,audio,123,1618,3395
unaligned,train,audio,124,1642,3395
unaligned,train,audio,125,1663,3395
unaligned,train,audio,126,1686,3395
unaligned,train,audio,127,1710,3395
unaligned,train,audio,128,1731,3395
unaligned,train,audio,129,1758,3395
unaligned,train,audio,130,1783,3395
unaligned,train,audio,131,1809,3395
unaligned,train,audio,132,1838,3395
unaligned,train,audio,133,1858,3395
unaligned,train,audio,134,1882,3395
unaligned,train,audio,135,1897,3395
unaligned,train,audio,136,1913,3395
unaligned,train,audio,137,1921,3395
unaligned,train,audio,138,1942,3395
unaligned,train,audio,139,1963,3395
unaligned,train,audio,140,1973,3395
unaligned,train,audio,141,1992,3395
unaligned,train,audio,142,2006,3395
unaligned,train,audio,143,2022,3395
unaligned,train,audio,144,2030,3395
unaligned,train,audio,145,2042,3395
unaligned,train,audio,146,2055,3395
unaligned,train,audio,147,2068,3395
unaligned,train,audio,148,2083,3395
unaligned,train,audio,149,2099,3395
unaligned,train,audio,150,2116,3395
unaligned,train,audio,151,2136,3395
unaligned,train,audio,152,2153,3395
unaligned,train,audio,153,2169,3395
unaligned,train,audio,154,2182,3395
unaligned,train,audio,155,2196,3395
unaligned,train,audio,156,2215,3395
unaligned,train,audio,157,2231,3395
unaligned,train,audio,158,2241,3395
unaligned,train,audio,159,2254,3395
unaligned,train,audio,160,2270,3395
unaligned,train,audio,161,2286,3395
unaligned,train,audio,162,2298,3395
unaligned,train,audio,163,2310,3395
unaligned,train,audio,164,2327,3395
unaligned,train,audio,165,2341,3395
unaligned,train,audio,166,2354,3395
unaligned,train,audio,167,2367,3395
unaligned,train,audio,168,2382,3395
unaligned,train,audio,169,2388,3395
unaligned,train,audio,170,2399,3395
unaligned,train,audio,171,2411,3395
unaligned,train,audio,172,2425,3395
unaligned,train,audio,173,2439,3395
unaligned,train,audio,174,2452,3395
unaligned,train,audio,175,2463,3395
unaligned,train,audio,176,2477,3395
unaligned,train,audio,177,2485,3395
unaligned,train,audio,178,2493,3395
unaligned,train,audio,179,2500,3395
unaligned,train,audio,180,2513,3395
unaligned,train,audio,181,2525,3395
unaligned,train,audio,182,2534,3395
unaligned,train,audio,183,2547,3395
unaligned,train,audio,184,2557,3395
unaligned,train,audio,185,2566,3395
unaligned,train,audio,186,2574,3395
unaligned,train,audio,187,2582,3395
unaligned,train,audio,188,2590,3395
unaligned,train,audio,189,2601,3395
unaligned,train,audio,190,2606,3395
unaligned,train,audio,191,2615,3395
unaligned,train,audio,192,2623,3395
unaligned,train,audio,193,2634,3395
unaligned,train,audio,194,2643,3395
unaligned,train,audio,195,2650,3395
unaligned,train,audio,196,2664,3395
unaligned,train,audio,197,2670,3395
unaligned,train,audio,198,2681,3395
unaligned,train,audio,199,2689,3395
unaligned,train,audio,200,2699,3395
unaligned,train,audio,201,2706,3395
unaligned,train,audio,202,2712,3395
unaligned,train,audio,203,2717,3395
unaligned,train,audio,204,2721,3395
unaligned,train,audio,205,2728,3395
unaligned,train,audio,206,2734,3395
unaligned,train,audio,207,2738,3395
unaligned,train,audio,208,2744,3395
unaligned,train,audio,209,2754,3395
unaligned,train,audio,210,2762,3395
unaligned,train,audio,211,2767,3395
unaligned,train,audio,212,2774,3395
unaligned,train,audio,213,2786,3395
unaligned,train,audio,214,2797,3395
unaligned,train,audio,215,2804,3395
unaligned,train,audio,216,2813,3395
unaligned,train,audio,217,2825,3395
unaligned,train,audio,218,2832,3395
unaligned,train,audio,219,2834,3395
unaligned,train,audio,220,2838,3395
unaligned,train,audio,221,2848,3395
unaligned,train,audio,222,2853,3395
unaligned,train,audio,223,2862,3395
unaligned,train,audio,224,2864,3395
unaligned,train,audio,225,2873,3395
unaligned,train,audio,226,2875,3395
unaligned,train,audio,227,2883,3395
unaligned,train,audio,228,2889,3395
unaligned,train,audio,229,2893,3395
unaligned,train,audio,230,2898,3395
unaligned,train,audio,231,2903,3395
unaligned,train,audio,232,2907,3395
unaligned,train,audio,233,2914,3395
unaligned,train,audio,234,2920,3395
unaligned,train,audio,235,2925,3395
unaligned,train,audio,236,2928,3395
unaligned,train,audio,237,2931,3395
unaligned,train,audio,238,2933,3395
unaligned,train,audio,239,2943,3395
unaligned,train,audio,240,2947,3395
unaligned,train,audio,241,2959,3395
unaligned,train,audio,242,2966,3395
unaligned,train,audio,243,2971,3395
unaligned,train,audio,244,2975,3395
unaligned,train,audio,245,2981,3395
unaligned,train,audio,246,2984,3395
unaligned,train,audio,247,2989,3395
unaligned,train,audio,248,2996,3395
unaligned,train,audio,249,3001,3395
unaligned,train,audio,250,3009,3395
unaligned,train,audio,251,3015,3395
unaligned,train,audio,252,3019,3395
unaligned,train,audio,253,3023,3395
unaligned,train,audio,254,3025,3395
unaligned,train,audio,255,3028,3395
unaligned,train,audio,256,3034,3395
unaligned,train,audio,257,3038,3395
unaligned,train,audio,258,3042,3395
unaligned,train,audio,259,3046,3395
unaligned,train,audio,260,3049,3395
unaligned,train,audio,261,3050,3395
unaligned,train,audio,262,3054,3395
unaligned,train,audio,263,3059,3395
unaligned,train,audio,264,3063,3395
unaligned,train,audio,265,3064,3395
unaligned,train,audio,266,3065,3395
unaligned,train,audio,267,3070,3395
unaligned,train,audio,268,3074,3395
unaligned,train,audio,269,3076,3395
unaligned,train,audio,270,3077,3395
unaligned,train,audio,271,3078,3395
unaligned,train,audio,272,3082,3395
unaligned,train,audio,273,3087,3395
unaligned,train,audio,274,3092,3395
unaligned,train,audio,275,3094,3395
unaligned,train,audio,276,3096,3395
unaligned,train,audio,277,3099,3395
unaligned,train,audio,278,3100,3395
unaligned,train,audio,279,3105,3395
unaligned,train,audio,280,3106,3395
unaligned,train,audio,281,3109,3395
unaligned,train,audio,282,3114,3395
unaligned,train,audio,283,3115,3395
unaligned,train,audio,284,3117,3395
unaligned,train,audio,285,3120,3395
unaligned,train,audio,286,3123,3395
unaligned,train,audio,287,3126,3395
unaligned,train,audio,288,3130,3395
unaligned,train,audio,289,3134,3395
unaligned,train,audio,290,3135,3395
unaligned,train,audio,291,3140,3395
unaligned,train,audio,292,3143,3395
unaligned,train,audio,293,3145,3395
unaligned,train,audio,294,3150,3395
unaligned,train,audio,295,3155,3395
unaligned,train,audio,296,3159,3395
unaligned,train,audio,297,3163,3395
unaligned,train,audio,298,3165,3395
unaligned,train,audio,299,3167,3395
unaligned,train,audio,300,3174,3395
unaligned,train,audio,301,3178,3395
unaligned,train,audio,302,3182,3395
unaligned,train,audio,303,3185,3395
unaligned,train,audio,304,3186,3395
unaligned,train,audio,305,3186,3395
unaligned,train,audio,306,3187,3395
unaligned,train,audio,307,3189,3395
unaligned,train,audio,308,3192,3395
unaligned,train,audio,309,3194,3395
unaligned,train,audio,310,3196,3395
unaligned,train,audio,311,3197,3395
unaligned,train,audio,312,3198,3395
unaligned,train,audio,313,3202,3395
unaligned,train,audio,314,3205,3395
unaligned,train,audio,315,3206,3395
unaligned,train,audio,316,3209,3395
unaligned,train,audio,317,3212,3395
unaligned,train,audio,318,3212,3395
unaligned,train,audio,319,3213,3395
unaligned,train,audio,320,3215,3395
unaligned,train,audio,321,3216,3395
unaligned,train,audio,322,3219,3395
unaligned,train,audio,323,3221,3395
unaligned,train,audio,324,3221,3395
unaligned,train,audio,325,3223,3395
unaligned,train,audio,326,3224,3395
unaligned,train,audio,327,3227,3395
unaligned,train,audio,328,3231,3395
unaligned,train,audio,329,3236,3395
unaligned,train,audio,330,3238,3395
unaligned,train,audio,331,3240,3395
unaligned,train,audio,332,3241,3395
unaligned,train,audio,333,3241,3395
unaligned,train,audio,334,3246,3395
unaligned,train,audio,335,3247,3395
unaligned,train,audio,336,3248,3395
unaligned,train,audio,337,3249,3395
unaligned,train,audio,338,3252,3395
unaligned,train,audio,339,3252,3395
unaligned,train,audio,340,3252,3395
unaligned,train,audio,341,3254,3395
unaligned,train,audio,342,3255,3395
unaligned,train,audio,343,3256,3395
unaligned,train,audio,344,3257,3395
unaligned,train,audio,345,3257,3395
unaligned,train,audio,346,3258,3395
unaligned,train,audio,347,3260,3395
unaligned,train,audio,348,3261,3395
unaligned,train,audio,349,3262,3395
unaligned,train,audio,350,3263,3395
unaligned,train,audio,351,3265,3395
unaligned,train,audio,352,3267,3395
unaligned,train,audio,353,3267,3395
unaligned,train,audio,354,3267,3395
unaligned,train,audio,355,3269,3395
unaligned,train,audio,356,3271,3395
unaligned,train,audio,357,3272,3395
unaligned,train,audio,358,3273,3395
unaligned,train,audio,359,3276,3395
unaligned,train,audio,360,3278,3395
unaligned,train,audio,361,3280,3395
unaligned,train,audio,362,3282,3395
unaligned,train,audio,363,3282,3395
unaligned,train,audio,364,3283,3395
unaligned,train,audio,365,3283,3395
unaligned,train,audio,366,3285,3395
unaligned,train,audio,367,3287,3395
unaligned,train,audio,368,3290,3395
unaligned,train,audio,369,3290,3395
unaligned,train,audio,370,3293,3395
unaligned,train,audio,371,3294,3395
unaligned,train,audio,372,3296,3395
unaligned,train,audio,373,3297,3395
unaligned,train,audio,374,3297,3395
unaligned,train,audio,375,3297,3395
unaligned,train,audio,376,3297,3395
unaligned,train,audio,377,3297,3395
unaligned,train,audio,378,3298,3395
unaligned,train,audio,379,3299,3395
unaligned,train,audio,380,3300,3395
unaligned,train,audio,381,3304,3395
unaligned,train,audio,382,3307,3395
unaligned,train,audio,383,3309,3395
unaligned,train,audio,384,3310,3395
unaligned,train,audio,385,3310,3395
unaligned,train,audio,386,3311,3395
unaligned,train,audio,387,3311,3395
unaligned,train,audio,388,3312,3395
unaligned,train,audio,389,3313,3395
unaligned,train,audio,390,3314,3395
unaligned,train,audio,391,3316,3395
unaligned,train,audio,392,3317,3395
unaligned,train,audio,393,3319,3395
unaligned,train,audio,394,3320,3395
unaligned,train,audio,395,3320,3395
unaligned,train,audio,396,3320,3395
unaligned,train,audio,397,3320,3395
unaligned,train,audio,398,3320,3395
unaligned,train,audio,399,3320,3395
unaligned,train,audio,400,3322,3395
unaligned,train,audio,401,3322,3395
unaligned,train,audio,402,3324,3395
unaligned,train,audio,403,3327,3395
unaligned,train,audio,404,3327,3395
unaligned,train,audio,405,3327,3395
unaligned,train,audio,406,3327,3395
unaligned,train,audio,407,3328,3395
unaligned,train,audio,408,3329,3395
unaligned,train,audio,409,3330,3395
unaligned,train,audio,410,3332,3395
unaligned,train,audio,411,3333,3395
unaligned,train,audio,412,3335,3395
unaligned,train,audio,413,3335,3395
unaligned,train,audio,414,3335,3395
unaligned,train,audio,415,3335,3395
unaligned,train,audio,416,3336,3395
unaligned,train,audio,417,3337,3395
unaligned,train,audio,418,3338,3395
unaligned,train,audio,419,3339,3395
unaligned,train,audio,420,3342,3395
unaligned,train,audio,421,3342,3395
unaligned,train,audio,422,3342,3395
unaligned,train,audio,423,3342,3395
unaligned,train,audio,424,3342,3395
unaligned,train,audio,425,3343,3395
unaligned,train,audio,426,3343,3395
unaligned,train,audio,427,3343,3395
unaligned,train,audio,428,3344,3395
unaligned,train,audio,429,3345,3395
unaligned,train,audio,430,3345,3395
unaligned,train,audio,431,3346,3395
unaligned,train,audio,432,3347,3395
unaligned,train,audio,433,3347,3395
unaligned,train,audio,434,3347,3395
unaligned,train,audio,435,3348,3395
unaligned,train,audio,436,3348,3395
unaligned,train,audio,437,3348,3395
unaligned,train,audio,438,3348,3395
unaligned,train,audio,439,3348,3395
unaligned,train,audio,440,3348,3395
unaligned,train,audio,441,3349,3395
unaligned,train,audio,442,3351,3395
unaligned,train,audio,443,3351,3395
unaligned,train,audio,444,3351,3395
unaligned,train,audio,445,3352,3395
unaligned,train,audio,446,3352,3395
unaligned,train,audio,447,3352,3395
unaligned,train,audio,448,3352,3395
unaligned,train,audio,449,3352,3395
unaligned,train,audio,450,3352,3395
unaligned,train,audio,451,3353,3395
unaligned,train,audio,452,3353,3395
unaligned,train,audio,453,3353,3395
unaligned,train,audio,454,3354,3395
unaligned,train,audio,455,3355,3395
unaligned,train,audio,456,3355,3395
unaligned,train,audio,457,3355,3395
unaligned,train,audio,458,3355,3395
unaligned,train,audio,459,3355,3395
unaligned,train,audio,460,3355,3395
unaligned,train,audio,461,3355,3395
unaligned,train,audio,462,3355,3395
unaligned,train,audio,463,3355,3395
unaligned,train,audio,464,3355,3395
unaligned,train,audio,465,3355,3395
unaligned,train,audio,466,3357,3395
unaligned,train,audio,467,3358,3395
unaligned,train,audio,468,3358,3395
unaligned,train,audio,469,3359,3395
unaligned,train,audio,470,3360,3395
unaligned,train,audio,471,3360,3395
unaligned,train,audio,472,3360,3395
unaligned,train,audio,473,3360,3395
unaligned,train,audio,474,3360,3395
unaligned,train,audio,475,3361,3395
unaligned,train,audio,476,3361,3395
unaligned,train,audio,477,3361,3395
unaligned,train,audio,478,3361,3395
unaligned,train,audio,479,3361,3395
unaligned,train,audio,480,3362,3395
unaligned,train,audio,481,3362,3395
unaligned,train,audio,482,3362,3395
unaligned,train,audio,483,3362,3395
unaligned,train,audio,484,3363,3395
unaligned,train,audio,485,3364,3395
unaligned,train,audio,486,3364,3395
unaligned,train,audio,487,3364,3395
unaligned,train,audio,488,3364,3395
unaligned,train,audio,489,3365,3395
unaligned,train,audio,490,3365,3395
unaligned,train,audio,491,3367,3395
unaligned,train,audio,492,3367,3395
unaligned,train,audio,493,3367,3395
unaligned,train,audio,494,3369,3395
unaligned,train,audio,495,3369,3395
unaligned,train,audio,496,3369,3395
unaligned,train,audio,497,3370,3395
unaligned,train,audio,498,3371,3395
unaligned,train,audio,499,3371,3395
unaligned,train,vision,0,30,3395
unaligned,train,vision,1,133,3395
unaligned,train,vision,2,148,3395
unaligned,train,vision,3,152,3395
unaligned,train,vision,4,159,3395
unaligned,train,vision,5,173,3395
unaligned,train,vision,6,188,3395
unaligned,train,vision,7,183,3395
unaligned,train,vision,8,196,3395
unaligned,train,vision,9,199,3395
unaligned,train,vision,10,194,3395
unaligned,train,vision,11,197,3395
unaligned,train,vision,12,197,3395
unaligned,train,vision,13,196,3395
unaligned,train,vision,14,201,3395
unaligned,train,vision,15,206,3395
unaligned,train,vision,16,205,3395
unaligned,train,vision,17,209,3395
unaligned,train,vision,18,202,3395
unaligned,train,vision,19,210,3395
unaligned,train,vision,20,220,3395
unaligned,train,vision,21,242,3395
unaligned,train,vision,22,243,3395
unaligned,train,vision,23,241,3395
unaligned,train,vision,24,251,3395
unaligned,train,vision,25,261,3395
unaligned,train,vision,26,262,3395
unaligned,train,vision,27,286,3395
unaligned,train,vision,28,293,3395
unaligned,train,vision,29,311,3395
unaligned,train,vision,30,324,3395
unaligned,train,vision,31,332,3395
unaligned,train,vision,32,342,3395
unaligned,train,vision,33,367,3395
unaligned,train,vision,34,376,3395
unaligned,train,vision,35,391,3395
unaligned,train,vision,36,399,3395
unaligned,train,vision,37,424,3395
unaligned,train,vision,38,430,3395
unaligned,train,vision,39,458,3395
unaligned,train,vision,40,471,3395
unaligned,train,vision,41,490,3395
unaligned,train,vision,42,514,3395
unaligned,train,vision,43,539,3395
unaligned,train,vision,44,570,3395
unaligned,train,vision,45,578,3395
unaligned,train,vision,46,595,3395
unaligned,train,vision,47,624,3395
unaligned,train,vision,48,650,3395
unaligned,train,vision,49,673,3395
unaligned,train,vision,50,701,3395
unaligned,train,vision,51,721,3395
unaligned,train,vision,52,743,3395
unaligned,train,vision,53,770,3395
unaligned,train,vision,54,794,3395
unaligned,train,vision,55,809,3395
unaligned,train,vision,56,847,3395
unaligned,train,vision,57,860,3395
unaligned,train,vision,58,885,3395
unaligned,train,vision,59,894,3395
unaligned,train,vision,60,919,3395
unaligned,train,vision,61,934,3395
unaligned,train,vision,62,965,3395
unaligned,train,vision,63,984,3395
unaligned,train,vision,64,1015,3395
unaligned,train,vision,65,1038,3395
unaligned,train,vision,66,1048,3395
unaligned,train,vision,67,1082,3395
unaligned,train,vision,68,1099,3395
unaligned,train,vision,69,1123,3395
unaligned,train,vision,70,1153,3395
unaligned,train,vision,71,1182,3395
unaligned,train,vision,72,1209,3395
unaligned,train,vision,73,1236,3395
unaligned,train,vision,74,1255,3395
unaligned,train,vision,75,1284,3395
unaligned,train,vision,76,1309,3395
unaligned,train,vision,77,1336,3395
unaligned,train,vision,78,1351,3395
unaligned,train,vision,79,1379,3395
unaligned,train,vision,80,1415,3395
unaligned,train,vision,81,1440,3395
unaligned,train,vision,82,1476,3395
unaligned,train,vision,83,1506,3395
unaligned,train,vision,84,1527,3395
unaligned,train,vision,85,1556,3395
unaligned,train,vision,86,1584,3395
unaligned,train,vision,87,1624,3395
unaligned,train,vision,88,1648,3395
unaligned,train,vision,89,1684,3395
unaligned,train,vision,90,1696,3395
unaligned,train,vision,91,1715,3395
unaligned,train,vision,92,1730,3395
unaligned,train,vision,93,1762,3395
unaligned,train,vision,94,1789,3395
unaligned,train,vision,95,1815,3395
unaligned,train,vision,96,1833,3395
unaligned,train,vision,97,1866,3395
unaligned,train,vision,98,1900,3395
unaligned,train,vision,99,1923,3395
unaligned,train,vision,100,1960,3395
unaligned,train,vision,101,1987,3395
unaligned,train,vision,102,2008,3395
unaligned,train,vision,103,2027,3395
unaligned,train,vision,104,2042,3395
unaligned,train,vision,105,2066,3395
unaligned,train,vision,106,2079,3395
unaligned,train,vision,107,2100,3395
unaligned,train,vision,108,2117,3395
unaligned,train,vision,109,2130,3395
unaligned,train,vision,110,2151,3395
unaligned,train,vision,111,2169,3395
unaligned,train,vision,112,2191,3395
unaligned,train,vision,113,2216,3395
unaligned,train,vision,114,2234,3395
unaligned,train,vision,115,2249,3395
unaligned,train,vision,116,2271,3395
unaligned,train,vision,117,2295,3395
unaligned,train,vision,118,2314,3395
unaligned,train,vision,119,2331,3395
unaligned,train,vision,120,2349,3395
unaligned,train,vision,121,2367,3395
unaligned,train,vision,122,2378,3395
unaligned,train,vision,123,2397,3395
unaligned,train,vision,124,2411,3395
unaligned,train,vision,125,2435,3395
unaligned,train,vision,126,2448,3395
unaligned,train,vision,127,2458,3395
unaligned,train,vision,128,2476,3395
unaligned,train,vision,129,2487,3395
unaligned,train,vision,130,2502,3395
unaligned,train,vision,131,2520,3395
unaligned,train,vision,132,2531,3395
unaligned,train,vision,133,2539,3395
unaligned,train,vision,134,2549,3395
unaligned,train,vision,135,2568,3395
unaligned,train,vision,136,2581,3395
unaligned,train,vision,137,2593,3395
unaligned,train,vision,138,2606,3395
unaligned,train,vision,139,2621,3395
unaligned,train,vision,140,2628,3395
unaligned,train,vision,141,2635,3395
unaligned,train,vision,142,2652,3395
unaligned,train,vision,143,2662,3395
unaligned,train,vision,144,2676,3395
unaligned,train,vision,145,2688,3395
unaligned,train,vision,146,2698,3395
unaligned,train,vision,147,2706,3395
unaligned,train,vision,148,2722,3395
unaligned,train,vision,149,2734,3395
unaligned,train,vision,150,2746,3395
unaligned,train,vision,151,2755,3395
unaligned,train,vision,152,2760,3395
unaligned,train,vision,153,2766,3395
unaligned,train,vision,154,2775,3395
unaligned,train,vision,155,2777,3395
unaligned,train,vision,156,2787,3395
unaligned,train,vision,157,2794,3395
unaligned,train,vision,158,2810,3395
unaligned,train,vision,159,2816,3395
unaligned,train,vision,160,2829,3395
unaligned,train,vision,161,2842,3395
unaligned,train,vision,162,2843,3395
unaligned,train,vision,163,2859,3395
unaligned,train,vision,164,2866,3395
unaligned,train,vision,165,2866,3395
unaligned,train,vision,166,2876,3395
unaligned,train,vision,167,2882,3395
unaligned,train,vision,168,2891,3395
unaligned,train,vision,169,2901,3395
unaligned,train,vision,170,2908,3395
unaligned,train,vision,171,2915,3395
unaligned,train,vision,172,2924,3395
unaligned,train,vision,173,2927,3395
unaligned,train,vision,174,2934,3395
unaligned,train,vision,175,2940,3395
unaligned,train,vision,176,2946,3395
unaligned,train,vision,177,2949,3395
unaligned,train,vision,178,2951,3395
unaligned,train,vision,179,2961,3395
unaligned,train,vision,180,2969,3395
unaligned,train,vision,181,2980,3395
unaligned,train,vision,182,2988,3395
unaligned,train,vision,183,2992,3395
unaligned,train,vision,184,3001,3395
unaligned,train,vision,185,3010,3395
unaligned,train,vision,186,3017,3395
unaligned,train,vision,187,3022,3395
unaligned,train,vision,188,3029,3395
unaligned,train,vision,189,3032,3395
unaligned,train,vision,190,3039,3395
unaligned,train,vision,191,3040,3395
unaligned,train,vision,192,3046,3395
unaligned,train,vision,193,3053,3395
unaligned,train,vision,194,3058,3395
unaligned,train,vision,195,3061,3395
unaligned,train,vision,196,3066,3395
unaligned,train,vision,197,3072,3395
unaligned,train,vision,198,3077,3395
unaligned,train,vision,199,3079,3395
unaligned,train,vision,200,3083,3395
unaligned,train,vision,201,3089,3395
unaligned,train,vision,202,3095,3395
unaligned,train,vision,203,3098,3395
unaligned,train,vision,204,3097,3395
unaligned,train,vision,205,3104,3395
unaligned,train,vision,206,3110,3395
unaligned,train,vision,207,3111,3395
unaligned,train,vision,208,3118,3395
unaligned,train,vision,209,3120,3395
unaligned,train,vision,210,3124,3395
unaligned,train,vision,211,3127,3395
unaligned,train,vision,212,3132,3395
unaligned,train,vision,213,3134,3395
unaligned,train,vision,214,3138,3395
unaligned,train,vision,215,3142,3395
unaligned,train,vision,216,3148,3395
unaligned,train,vision,217,3150,3395
unaligned,train,vision,218,3152,3395
unaligned,train,vision,219,3158,3395
unaligned,train,vision,220,3159,3395
unaligned,train,vision,221,3170,3395
unaligned,train,vision,222,3171,3395
unaligned,train,vision,223,3177,3395
unaligned,train,vision,224,3181,3395
unaligned,train,vision,225,3184,3395
unaligned,train,vision,226,3190,3395
unaligned,train,vision,227,3196,3395
unaligned,train,vision,228,3199,3395
unaligned,train,vision,229,3199,3395
unaligned,train,vision,230,3201,3395
unaligned,train,vision,231,3204,3395
unaligned,train,vision,232,3206,3395
unaligned,train,vision,233,3211,3395
unaligned,train,vision,234,3210,3395
unaligned,train,vision,235,3215,3395
unaligned,train,vision,236,3220,3395
unaligned,train,vision,237,3221,3395
unaligned,train,vision,238,3223,3395
unaligned,train,vision,239,3226,3395
unaligned,train,vision,240,3225,3395
unaligned,train,vision,241,3229,3395
unaligned,train,vision,242,3235,3395
unaligned,train,vision,243,3235,3395
unaligned,train,vision,244,3237,3395
unaligned,train,vision,245,3241,3395
unaligned,train,vision,246,3244,3395
unaligned,train,vision,247,3247,3395
unaligned,train,vision,248,3251,3395
unaligned,train,vision,249,3253,3395
unaligned,train,vision,250,3252,3395
unaligned,train,vision,251,3257,3395
unaligned,train,vision,252,3257,3395
unaligned,train,vision,253,3257,3395
unaligned,train,vision,254,3261,3395
unaligned,train,vision,255,3261,3395
unaligned,train,vision,256,3261,3395
unaligned,train,vision,257,3263,3395
unaligned,train,vision,258,3263,3395
unaligned,train,vision,259,3265,3395
unaligned,train,vision,260,3264,3395
unaligned,train,vision,261,3266,3395
unaligned,train,vision,262,3268,3395
unaligned,train,vision,263,3271,3395
unaligned,train,vision,264,3271,3395
unaligned,train,vision,265,3275,3395
unaligned,train,vision,266,3275,3395
unaligned,train,vision,267,3281,3395
unaligned,train,vision,268,3282,3395
unaligned,train,vision,269,3284,3395
unaligned,train,vision,270,3285,3395
unaligned,train,vision,271,3289,3395
unaligned,train,vision,272,3289,3395
unaligned,train,vision,273,3291,3395
unaligned,train,vision,274,3291,3395
unaligned,train,vision,275,3295,3395
unaligned,train,vision,276,3298,3395
unaligned,train,vision,277,3298,3395
unaligned,train,vision,278,3301,3395
unaligned,train,vision,279,3303,3395
unaligned,train,vision,280,3305,3395
unaligned,train,vision,281,3305,3395
unaligned,train,vision,282,3305,3395
unaligned,train,vision,283,3305,3395
unaligned,train,vision,284,3307,3395
unaligned,train,vision,285,3307,3395
unaligned,train,vision,286,3309,3395
unaligned,train,vision,287,3313,3395
unaligned,train,vision,288,3315,3395
unaligned,train,vision,289,3315,3395
unaligned,train,vision,290,3317,3395
unaligned,train,vision,291,3319,3395
unaligned,train,vision,292,3320,3395
unaligned,train,vision,293,3322,3395
unaligned,train,vision,294,3323,3395
unaligned,train,vision,295,3324,3395
unaligned,train,vision,296,3326,3395
unaligned,train,vision,297,3325,3395
unaligned,train,vision,298,3325,3395
unaligned,train,vision,299,3325,3395
unaligned,train,vision,300,3327,3395
unaligned,train,vision,301,3328,3395
unaligned,train,vision,302,3330,3395
unaligned,train,vision,303,3333,3395
unaligned,train,vision,304,3332,3395
unaligned,train,vision,305,3334,3395
unaligned,train,vision,306,3334,3395
unaligned,train,vision,307,3334,3395
unaligned,train,vision,308,3337,3395
unaligned,train,vision,309,3340,3395
unaligned,train,vision,310,3339,3395
unaligned,train,vision,311,3339,3395
unaligned,train,vision,312,3340,3395
unaligned,train,vision,313,3340,3395
unaligned,train,vision,314,3342,3395
unaligned,train,vision,315,3345,3395
unaligned,train,vision,316,3345,3395
unaligned,train,vision,317,3347,3395
unaligned,train,vision,318,3345,3395
unaligned,train,vision,319,3346,3395
unaligned,train,vision,320,3346,3395
unaligned,train,vision,321,3348,3395
unaligned,train,vision,322,3349,3395
unaligned,train,vision,323,3350,3395
unaligned,train,vision,324,3353,3395
unaligned,train,vision,325,3354,3395
unaligned,train,vision,326,3353,3395
unaligned,train,vision,327,3353,3395
unaligned,train,vision,328,3354,3395
unaligned,train,vision,329,3353,3395
unaligned,train,vision,330,3353,3395
unaligned,train,vision,331,3354,3395
unaligned,train,vision,332,3356,3395
unaligned,train,vision,333,3356,3395
unaligned,train,vision,334,3357,3395
unaligned,train,vision,335,3357,3395
unaligned,train,vision,336,3356,3395
unaligned,train,vision,337,3356,3395
unaligned,train,vision,338,3358,3395
unaligned,train,vision,339,3358,3395
unaligned,train,vision,340,3360,3395
unaligned,train,vision,341,3360,3395
unaligned,train,vision,342,3361,3395
unaligned,train,vision,343,3361,3395
unaligned,train,vision,344,3361,3395
unaligned,train,vision,345,3359,3395
unaligned,train,vision,346,3360,3395
unaligned,train,vision,347,3361,3395
unaligned,train,vision,348,3361,3395
unaligned,train,vision,349,3361,3395
unaligned,train,vision,350,3362,3395
unaligned,train,vision,351,3361,3395
unaligned,train,vision,352,3362,3395
unaligned,train,vision,353,3363,3395
unaligned,train,vision,354,3363,3395
unaligned,train,vision,355,3364,3395
unaligned,train,vision,356,3364,3395
unaligned,train,vision,357,3364,3395
unaligned,train,vision,358,3365,3395
unaligned,train,vision,359,3365,3395
unaligned,train,vision,360,3366,3395
unaligned,train,vision,361,3366,3395
unaligned,train,vision,362,3367,3395
unaligned,train,vision,363,3368,3395
unaligned,train,vision,364,3369,3395
unaligned,train,vision,365,3369,3395
unaligned,train,vision,366,3369,3395
unaligned,train,vision,367,3369,3395
unaligned,train,vision,368,3369,3395
unaligned,train,vision,369,3370,3395
unaligned,train,vision,370,3370,3395
unaligned,train,vision,371,3372,3395
unaligned,train,vision,372,3372,3395
unaligned,train,vision,373,3372,3395
unaligned,train,vision,374,3373,3395
unaligned,train,vision,375,3373,3395
unaligned,train,vision,376,3373,3395
unaligned,train,vision,377,3373,3395
unaligned,train,vision,378,3373,3395
unaligned,train,vision,379,3377,3395
unaligned,train,vision,380,3377,3395
unaligned,train,vision,381,3376,3395
unaligned,train,vision,382,3376,3395
unaligned,train,vision,383,3376,3395
unaligned,train,vision,384,3377,3395
unaligned,train,vision,385,3376,3395
unaligned,train,vision,386,3377,3395
unaligned,train,vision,387,3376,3395
unaligned,train,vision,388,3377,3395
unaligned,train,vision,389,3377,3395
unaligned,train,vision,390,3377,3395
unaligned,train,vision,391,3377,3395
unaligned,train,vision,392,3377,3395
unaligned,train,vision,393,3378,3395
unaligned,train,vision,394,3379,3395
unaligned,train,vision,395,3379,3395
unaligned,train,vision,396,3381,3395
unaligned,train,vision,397,3380,3395
unaligned,train,vision,398,3381,3395
unaligned,train,vision,399,3380,3395
unaligned,train,vision,400,3381,3395
unaligned,train,vision,401,3382,3395
unaligned,train,vision,402,3382,3395
unaligned,train,vision,403,3382,3395
unaligned,train,vision,404,3382,3395
unaligned,train,vision,405,3382,3395
unaligned,train,vision,406,3382,3395
unaligned,train,vision,407,3382,3395
unaligned,train,vision,408,3383,3395
unaligned,train,vision,409,3383,3395
unaligned,train,vision,410,3382,3395
unaligned,train,vision,411,3382,3395
unaligned,train,vision,412,3381,3395
unaligned,train,vision,413,3382,3395
unaligned,train,vision,414,3381,3395
unaligned,train,vision,415,3381,3395
unaligned,train,vision,416,3381,3395
unaligned,train,vision,417,3381,3395
unaligned,train,vision,418,3381,3395
unaligned,train,vision,419,3381,3395
unaligned,train,vision,420,3381,3395
unaligned,train,vision,421,3381,3395
unaligned,train,vision,422,3381,3395
unaligned,train,vision,423,3381,3395
unaligned,train,vision,424,3381,3395
unaligned,train,vision,425,3382,3395
unaligned,train,vision,426,3382,3395
unaligned,train,vision,427,3382,3395
unaligned,train,vision,428,3382,3395
unaligned,train,vision,429,3382,3395
unaligned,train,vision,430,3382,3395
unaligned,train,vision,431,3382,3395
unaligned,train,vision,432,3382,3395
unaligned,train,vision,433,3382,3395
unaligned,train,vision,434,3382,3395
unaligned,train,vision,435,3382,3395
unaligned,train,vision,436,3382,3395
unaligned,train,vision,437,3382,3395
unaligned,train,vision,438,3382,3395
unaligned,train,vision,439,3384,3395
unaligned,train,vision,440,3384,3395
unaligned,train,vision,441,3384,3395
unaligned,train,vision,442,3384,3395
unaligned,train,vision,443,3384,3395
unaligned,train,vision,444,3384,3395
unaligned,train,vision,445,3385,3395
unaligned,train,vision,446,3384,3395
unaligned,train,vision,447,3384,3395
unaligned,train,vision,448,3384,3395
unaligned,train,vision,449,3384,3395
unaligned,train,vision,450,3384,3395
unaligned,train,vision,451,3384,3395
unaligned,train,vision,452,3384,3395
unaligned,train,vision,453,3385,3395
unaligned,train,vision,454,3385,3395
unaligned,train,vision,455,3385,3395
unaligned,train,vision,456,3386,3395
unaligned,train,vision,457,3386,3395
unaligned,train,vision,458,3386,3395
unaligned,train,vision,459,3386,3395
unaligned,train,vision,460,3386,3395
unaligned,train,vision,461,3387,3395
unaligned,train,vision,462,3387,3395
unaligned,train,vision,463,3388,3395
unaligned,train,vision,464,3387,3395
unaligned,train,vision,465,3387,3395
unaligned,train,vision,466,3386,3395
unaligned,train,vision,467,3387,3395
unaligned,train,vision,468,3387,3395
unaligned,train,vision,469,3387,3395
unaligned,train,vision,470,3387,3395
unaligned,train,vision,471,3387,3395
unaligned,train,vision,472,3387,3395
unaligned,train,vision,473,3387,3395
unaligned,train,vision,474,3387,3395
unaligned,train,vision,475,3387,3395
unaligned,train,vision,476,3388,3395
unaligned,train,vision,477,3388,3395
unaligned,train,vision,478,3388,3395
unaligned,train,vision,479,3388,3395
unaligned,train,vision,480,3388,3395
unaligned,train,vision,481,3388,3395
unaligned,train,vision,482,3388,3395
unaligned,train,vision,483,3388,3395
unaligned,train,vision,484,3388,3395
unaligned,train,vision,485,3388,3395
unaligned,train,vision,486,3388,3395
unaligned,train,vision,487,3388,3395
unaligned,train,vision,488,3388,3395
unaligned,train,vision,489,3389,3395
unaligned,train,vision,490,3389,3395
unaligned,train,vision,491,3389,3395
unaligned,train,vision,492,3389,3395
unaligned,train,vision,493,3389,3395
unaligned,train,vision,494,3389,3395
unaligned,train,vision,495,3389,3395
unaligned,train,vision,496,3389,3395
unaligned,train,vision,497,3389,3395
unaligned,train,vision,498,3389,3395
unaligned,train,vision,499,3390,3395
unaligned,valid,text,0,0,728
unaligned,valid,text,1,0,728
unaligned,valid,text,2,0,728
unaligned,valid,text,3,0,728
unaligned,valid,text,4,0,728
unaligned,valid,text,5,0,728
unaligned,valid,text,6,0,728
unaligned,valid,text,7,0,728
unaligned,valid,text,8,0,728
unaligned,valid,text,9,0,728
unaligned,valid,text,10,0,728
unaligned,valid,text,11,0,728
unaligned,valid,text,12,0,728
unaligned,valid,text,13,0,728
unaligned,valid,text,14,0,728
unaligned,valid,text,15,0,728
unaligned,valid,text,16,0,728
unaligned,valid,text,17,0,728
unaligned,valid,text,18,0,728
unaligned,valid,text,19,0,728
unaligned,valid,text,20,0,728
unaligned,valid,text,21,0,728
unaligned,valid,text,22,0,728
unaligned,valid,text,23,0,728
unaligned,valid,text,24,0,728
unaligned,valid,text,25,0,728
unaligned,valid,text,26,0,728
unaligned,valid,text,27,0,728
unaligned,valid,text,28,0,728
unaligned,valid,text,29,0,728
unaligned,valid,text,30,0,728
unaligned,valid,text,31,0,728
unaligned,valid,text,32,0,728
unaligned,valid,text,33,0,728
unaligned,valid,text,34,0,728
unaligned,valid,text,35,0,728
unaligned,valid,text,36,0,728
unaligned,valid,text,37,0,728
unaligned,valid,text,38,0,728
unaligned,valid,text,39,0,728
unaligned,valid,text,40,0,728
unaligned,valid,text,41,0,728
unaligned,valid,text,42,0,728
unaligned,valid,text,43,0,728
unaligned,valid,text,44,0,728
unaligned,valid,text,45,0,728
unaligned,valid,text,46,0,728
unaligned,valid,text,47,0,728
unaligned,valid,text,48,0,728
unaligned,valid,text,49,0,728
unaligned,valid,audio,0,0,728
unaligned,valid,audio,1,0,728
unaligned,valid,audio,2,0,728
unaligned,valid,audio,3,0,728
unaligned,valid,audio,4,0,728
unaligned,valid,audio,5,0,728
unaligned,valid,audio,6,0,728
unaligned,valid,audio,7,0,728
unaligned,valid,audio,8,0,728
unaligned,valid,audio,9,0,728
unaligned,valid,audio,10,0,728
unaligned,valid,audio,11,0,728
unaligned,valid,audio,12,1,728
unaligned,valid,audio,13,1,728
unaligned,valid,audio,14,1,728
unaligned,valid,audio,15,1,728
unaligned,valid,audio,16,1,728
unaligned,valid,audio,17,1,728
unaligned,valid,audio,18,1,728
unaligned,valid,audio,19,1,728
unaligned,valid,audio,20,1,728
unaligned,valid,audio,21,1,728
unaligned,valid,audio,22,1,728
unaligned,valid,audio,23,1,728
unaligned,valid,audio,24,1,728
unaligned,valid,audio,25,2,728
unaligned,valid,audio,26,3,728
unaligned,valid,audio,27,4,728
unaligned,valid,audio,28,4,728
unaligned,valid,audio,29,5,728
unaligned,valid,audio,30,5,728
unaligned,valid,audio,31,5,728
unaligned,valid,audio,32,5,728
unaligned,valid,audio,33,5,728
unaligned,valid,audio,34,5,728
unaligned,valid,audio,35,5,728
unaligned,valid,audio,36,8,728
unaligned,valid,audio,37,8,728
unaligned,valid,audio,38,8,728
unaligned,valid,audio,39,9,728
unaligned,valid,audio,40,11,728
unaligned,valid,audio,41,13,728
unaligned,valid,audio,42,15,728
unaligned,valid,audio,43,16,728
unaligned,valid,audio,44,18,728
unaligned,valid,audio,45,19,728
unaligned,valid,audio,46,20,728
unaligned,valid,audio,47,24,728
unaligned,valid,audio,48,25,728
unaligned,valid,audio,49,27,728
unaligned,valid,audio,50,31,728
unaligned,valid,audio,51,33,728
unaligned,valid,audio,52,35,728
unaligned,valid,audio,53,37,728
unaligned,valid,audio,54,39,728
unaligned,valid,audio,55,40,728
unaligned,valid,audio,56,42,728
unaligned,valid,audio,57,43,728
unaligned,valid,audio,58,46,728
unaligned,valid,audio,59,48,728
unaligned,valid,audio,60,48,728
unaligned,valid,audio,61,53,728
unaligned,valid,audio,62,54,728
unaligned,valid,audio,63,56,728
unaligned,valid,audio,64,57,728
unaligned,valid,audio,65,62,728
unaligned,valid,audio,66,64,728
unaligned,valid,audio,67,68,728
unaligned,valid,audio,68,71,728
unaligned,valid,audio,69,75,728
unaligned,valid,audio,70,77,728
unaligned,valid,audio,71,79,728
unaligned,valid,audio,72,80,728
unaligned,valid,audio,73,86,728
unaligned,valid,audio,74,88,728
unaligned,valid,audio,75,92,728
unaligned,valid,audio,76,93,728
unaligned,valid,audio,77,95,728
unaligned,valid,audio,78,96,728
unaligned,valid,audio,79,100,728
unaligned,valid,audio,80,106,728
unaligned,valid,audio,81,112,728
unaligned,valid,audio,82,114,728
unaligned,valid,audio,83,119,728
unaligned,valid,audio,84,127,728
unaligned,valid,audio,85,131,728
unaligned,valid,audio,86,132,728
unaligned,valid,audio,87,139,728
unaligned,valid,audio,88,142,728
unaligned,valid,audio,89,145,728
unaligned,valid,audio,90,149,728
unaligned,valid,audio,91,152,728
unaligned,valid,audio,92,154,728
unaligned,valid,audio,93,162,728
unaligned,valid,audio,94,167,728
unaligned,valid,audio,95,169,728
unaligned,valid,audio,96,174,728
unaligned,valid,audio,97,178,728
unaligned,valid,audio,98,182,728
unaligned,valid,audio,99,191,728
unaligned,valid,audio,100,194,728
unaligned,valid,audio,101,201,728
unaligned,valid,audio,102,203,728
unaligned,valid,audio,103,208,728
unaligned,valid,audio,104,215,728
unaligned,valid,audio,105,228,728
unaligned,valid,audio,106,232,728
unaligned,valid,audio,107,235,728
unaligned,valid,audio,108,236,728
unaligned,valid,audio,109,241,728
unaligned,valid,audio,110,246,728
unaligned,valid,audio,111,248,728
unaligned,valid,audio,112,252,728
unaligned,valid,audio,113,260,728
unaligned,valid,audio,114,271,728
unaligned,valid,audio,115,271,728
unaligned,valid,audio,116,274,728
unaligned,valid,audio,117,279,728
unaligned,valid,audio,118,284,728
unaligned,valid,audio,119,290,728
unaligned,valid,audio,120,294,728
unaligned,valid,audio,121,297,728
unaligned,valid,audio,122,301,728
unaligned,valid,audio,123,302,728
unaligned,valid,audio,124,305,728
unaligned,valid,audio,125,308,728
unaligned,valid,audio,126,316,728
unaligned,valid,audio,127,321,728
unaligned,valid,audio,128,323,728
unaligned,valid,audio,129,325,728
unaligned,valid,audio,130,329,728
unaligned,valid,audio,131,333,728
unaligned,valid,audio,132,337,728
unaligned,valid,audio,133,342,728
unaligned,valid,audio,134,349,728
unaligned,valid,audio,135,354,728
unaligned,valid,audio,136,357,728
unaligned,valid,audio,137,362,728
unaligned,valid,audio,138,368,728
unaligned,valid,audio,139,369,728
unaligned,valid,audio,140,373,728
unaligned,valid,audio,141,378,728
unaligned,valid,audio,142,382,728
unaligned,valid,audio,143,384,728
unaligned,valid,audio,144,387,728
unaligned,valid,audio,145,388,728
unaligned,valid,audio,146,390,728
unaligned,valid,audio,147,398,728
unaligned,valid,audio,148,402,728
unaligned,valid,audio,149,404,728
unaligned,valid,audio,150,409,728
unaligned,valid,audio,151,415,728
unaligned,valid,audio,152,420,728
unaligned,valid,audio,153,425,728
unaligned,valid,audio,154,431,728
unaligned,valid,audio,155,435,728
unaligned,valid,audio,156,437,728
unaligned,valid,audio,157,438,728
unaligned,valid,audio,158,443,728
unaligned,valid,audio,159,447,728
unaligned,valid,audio,160,448,728
unaligned,valid,audio,161,451,728
unaligned,valid,audio,162,455,728
unaligned,valid,audio,163,456,728
unaligned,valid,audio,164,461,728
unaligned,valid,audio,165,465,728
unaligned,valid,audio,166,470,728
unaligned,valid,audio,167,475,728
unaligned,valid,audio,168,478,728
unaligned,valid,audio,169,481,728
unaligned,valid,audio,170,483,728
unaligned,valid,audio,171,484,728
unaligned,valid,audio,172,487,728
unaligned,valid,audio,173,490,728
unaligned,valid,audio,174,492,728
unaligned,valid,audio,175,496,728
unaligned,valid,audio,176,502,728
unaligned,valid,audio,177,507,728
unaligned,valid,audio,178,513,728
unaligned,valid,audio,179,516,728
unaligned,valid,audio,180,519,728
unaligned,valid,audio,181,522,728
unaligned,valid,audio,182,525,728
unaligned,valid,audio,183,531,728
unaligned,valid,audio,184,533,728
unaligned,valid,audio,185,538,728
unaligned,valid,audio,186,540,728
unaligned,valid,audio,187,540,728
unaligned,valid,audio,188,544,728
unaligned,valid,audio,189,546,728
unaligned,valid,audio,190,547,728
unaligned,valid,audio,191,548,728
unaligned,valid,audio,192,550,728
unaligned,valid,audio,193,553,728
unaligned,valid,audio,194,558,728
unaligned,valid,audio,195,559,728
unaligned,valid,audio,196,560,728
unaligned,valid,audio,197,564,728
unaligned,valid,audio,198,569,728
unaligned,valid,audio,199,569,728
unaligned,valid,audio,200,571,728
unaligned,valid,audio,201,574,728
unaligned,valid,audio,202,578,728
unaligned,valid,audio,203,578,728
unaligned,valid,audio,204,580,728
unaligned,valid,audio,205,584,728
unaligned,valid,audio,206,584,728
unaligned,valid,audio,207,586,728
unaligned,valid,audio,208,587,728
unaligned,valid,audio,209,591,728
unaligned,valid,audio,210,595,728
unaligned,valid,audio,211,597,728
unaligned,valid,audio,212,598,728
unaligned,valid,audio,213,599,728
unaligned,valid,audio,214,602,728
unaligned,valid,audio,215,602,728
unaligned,valid,audio,216,602,728
unaligned,valid,audio,217,605,728
unaligned,valid,audio,218,607,728
unaligned,valid,audio,219,607,728
unaligned,valid,audio,220,607,728
unaligned,valid,audio,221,609,728
unaligned,valid,audio,222,611,728
unaligned,valid,audio,223,612,728
unaligned,valid,audio,224,613,728
unaligned,valid,audio,225,618,728
unaligned,valid,audio,226,621,728
unaligned,valid,audio,227,621,728
unaligned,valid,audio,228,621,728
unaligned,valid,audio,229,624,728
unaligned,valid,audio,230,627,728
unaligned,valid,audio,231,627,728
unaligned,valid,audio,232,630,728
unaligned,valid,audio,233,631,728
unaligned,valid,audio,234,634,728
unaligned,valid,audio,235,635,728
unaligned,valid,audio,236,637,728
unaligned,valid,audio,237,640,728
unaligned,valid,audio,238,640,728
unaligned,valid,audio,239,642,728
unaligned,valid,audio,240,642,728
unaligned,valid,audio,241,643,728
unaligned,valid,audio,242,644,728
unaligned,valid,audio,243,645,728
unaligned,valid,audio,244,645,728
unaligned,valid,audio,245,645,728
unaligned,valid,audio,246,646,728
unaligned,valid,audio,247,648,728
unaligned,valid,audio,248,648,728
unaligned,valid,audio,249,651,728
unaligned,valid,audio,250,653,728
unaligned,valid,audio,251,653,728
unaligned,valid,audio,252,655,728
unaligned,valid,audio,253,657,728
unaligned,valid,audio,254,659,728
unaligned,valid,audio,255,660,728
unaligned,valid,audio,256,662,728
unaligned,valid,audio,257,665,728
unaligned,valid,audio,258,666,728
unaligned,valid,audio,259,667,728
unaligned,valid,audio,260,667,728
unaligned,valid,audio,261,667,728
unaligned,valid,audio,262,668,728
unaligned,valid,audio,263,668,728
unaligned,valid,audio,264,670,728
unaligned,valid,audio,265,670,728
unaligned,valid,audio,266,670,728
unaligned,valid,audio,267,671,728
unaligned,valid,audio,268,671,728
unaligned,valid,audio,269,672,728
unaligned,valid,audio,270,672,728
unaligned,valid,audio,271,673,728
unaligned,valid,audio,272,675,728
unaligned,valid,audio,273,676,728
unaligned,valid,audio,274,676,728
unaligned,valid,audio,275,676,728
unaligned,valid,audio,276,676,728
unaligned,valid,audio,277,676,728
unaligned,valid,audio,278,676,728
unaligned,valid,audio,279,676,728
unaligned,valid,audio,280,677,728
unaligned,valid,audio,281,678,728
unaligned,valid,audio,282,679,728
unaligned,valid,audio,283,680,728
unaligned,valid,audio,284,681,728
unaligned,valid,audio,285,682,728
unaligned,valid,audio,286,682,728
unaligned,valid,audio,287,683,728
unaligned,valid,audio,288,685,728
unaligned,valid,audio,289,685,728
unaligned,valid,audio,290,685,728
unaligned,valid,audio,291,685,728
unaligned,valid,audio,292,685,728
unaligned,valid,audio,293,685,728
unaligned,valid,audio,294,685,728
unaligned,valid,audio,295,685,728
unaligned,valid,audio,296,685,728
unaligned,valid,audio,297,686,728
unaligned,valid,audio,298,688,728
unaligned,valid,audio,299,688,728
unaligned,valid,audio,300,689,728
unaligned,valid,audio,301,689,728
unaligned,valid,audio,302,689,728
unaligned,valid,audio,303,689,728
unaligned,valid,audio,304,689,728
unaligned,valid,audio,305,689,728
unaligned,valid,audio,306,689,728
unaligned,valid,audio,307,690,728
unaligned,valid,audio,308,691,728
unaligned,valid,audio,309,691,728
unaligned,valid,audio,310,691,728
unaligned,valid,audio,311,691,728
unaligned,valid,audio,312,691,728
unaligned,valid,audio,313,691,728
unaligned,valid,audio,314,691,728
unaligned,valid,audio,315,692,728
unaligned,valid,audio,316,692,728
unaligned,valid,audio,317,693,728
unaligned,valid,audio,318,694,728
unaligned,valid,audio,319,694,728
unaligned,valid,audio,320,694,728
unaligned,valid,audio,321,696,728
unaligned,valid,audio,322,696,728
unaligned,valid,audio,323,696,728
unaligned,valid,audio,324,696,728
unaligned,valid,audio,325,696,728
unaligned,valid,audio,326,696,728
unaligned,valid,audio,327,696,728
unaligned,valid,audio,328,698,728
unaligned,valid,audio,329,698,728
unaligned,valid,audio,330,700,728
unaligned,valid,audio,331,700,728
unaligned,valid,audio,332,700,728
unaligned,valid,audio,333,700,728
unaligned,valid,audio,334,700,728
unaligned,valid,audio,335,701,728
unaligned,valid,audio,336,702,728
unaligned,valid,audio,337,702,728
unaligned,valid,audio,338,702,728
unaligned,valid,audio,339,702,728
unaligned,valid,audio,340,702,728
unaligned,valid,audio,341,702,728
unaligned,valid,audio,342,702,728
unaligned,valid,audio,343,702,728
unaligned,valid,audio,344,702,728
unaligned,valid,audio,345,703,728
unaligned,valid,audio,346,703,728
unaligned,valid,audio,347,703,728
unaligned,valid,audio,348,703,728
unaligned,valid,audio,349,703,728
unaligned,valid,audio,350,703,728
unaligned,valid,audio,351,703,728
unaligned,valid,audio,352,703,728
unaligned,valid,audio,353,704,728
unaligned,valid,audio,354,704,728
unaligned,valid,audio,355,705,728
unaligned,valid,audio,356,705,728
unaligned,valid,audio,357,705,728
unaligned,valid,audio,358,705,728
unaligned,valid,audio,359,705,728
unaligned,valid,audio,360,706,728
unaligned,valid,audio,361,706,728
unaligned,valid,audio,362,706,728
unaligned,valid,audio,363,707,728
unaligned,valid,audio,364,707,728
unaligned,valid,audio,365,707,728
unaligned,valid,audio,366,707,728
unaligned,valid,audio,367,707,728
unaligned,valid,audio,368,707,728
unaligned,valid,audio,369,708,728
unaligned,valid,audio,370,708,728
unaligned,valid,audio,371,708,728
unaligned,valid,audio,372,708,728
unaligned,valid,audio,373,708,728
unaligned,valid,audio,374,708,728
unaligned,valid,audio,375,708,728
unaligned,valid,audio,376,708,728
unaligned,valid,audio,377,709,728
unaligned,valid,audio,378,709,728
unaligned,valid,audio,379,709,728
unaligned,valid,audio,380,709,728
unaligned,valid,audio,381,709,728
unaligned,valid,audio,382,709,728
unaligned,valid,audio,383,709,728
unaligned,valid,audio,384,709,728
unaligned,valid,audio,385,709,728
unaligned,valid,audio,386,710,728
unaligned,valid,audio,387,710,728
unaligned,valid,audio,388,710,728
unaligned,valid,audio,389,710,728
unaligned,valid,audio,390,710,728
unaligned,valid,audio,391,710,728
unaligned,valid,audio,392,711,728
unaligned,valid,audio,393,711,728
unaligned,valid,audio,394,711,728
unaligned,valid,audio,395,711,728
unaligned,valid,audio,396,711,728
unaligned,valid,audio,397,711,728
unaligned,valid,audio,398,711,728
unaligned,valid,audio,399,711,728
unaligned,valid,audio,400,711,728
unaligned,valid,audio,401,711,728
unaligned,valid,audio,402,711,728
unaligned,valid,audio,403,711,728
unaligned,valid,audio,404,712,728
unaligned,valid,audio,405,713,728
unaligned,valid,audio,406,713,728
unaligned,valid,audio,407,713,728
unaligned,valid,audio,408,713,728
unaligned,valid,audio,409,713,728
unaligned,valid,audio,410,713,728
unaligned,valid,audio,411,713,728
unaligned,valid,audio,412,713,728
unaligned,valid,audio,413,713,728
unaligned,valid,audio,414,713,728
unaligned,valid,audio,415,713,728
unaligned,valid,audio,416,713,728
unaligned,valid,audio,417,713,728
unaligned,valid,audio,418,714,728
unaligned,valid,audio,419,714,728
unaligned,valid,audio,420,714,728
unaligned,valid,audio,421,714,728
unaligned,valid,audio,422,714,728
unaligned,valid,audio,423,714,728
unaligned,valid,audio,424,714,728
unaligned,valid,audio,425,714,728
unaligned,valid,audio,426,715,728
unaligned,valid,audio,427,715,728
unaligned,valid,audio,428,715,728
unaligned,valid,audio,429,716,728
unaligned,valid,audio,430,716,728
unaligned,valid,audio,431,716,728
unaligned,valid,audio,432,716,728
unaligned,valid,audio,433,716,728
unaligned,valid,audio,434,716,728
unaligned,valid,audio,435,716,728
unaligned,valid,audio,436,716,728
unaligned,valid,audio,437,716,728
unaligned,valid,audio,438,716,728
unaligned,valid,audio,439,716,728
unaligned,valid,audio,440,717,728
unaligned,valid,audio,441,717,728
unaligned,valid,audio,442,717,728
unaligned,valid,audio,443,718,728
unaligned,valid,audio,444,718,728
unaligned,valid,audio,445,718,728
unaligned,valid,audio,446,718,728
unaligned,valid,audio,447,718,728
unaligned,valid,audio,448,718,728
unaligned,valid,audio,449,718,728
unaligned,valid,audio,450,718,728
unaligned,valid,audio,451,718,728
unaligned,valid,audio,452,718,728
unaligned,valid,audio,453,719,728
unaligned,valid,audio,454,719,728
unaligned,valid,audio,455,719,728
unaligned,valid,audio,456,719,728
unaligned,valid,audio,457,719,728
unaligned,valid,audio,458,719,728
unaligned,valid,audio,459,719,728
unaligned,valid,audio,460,719,728
unaligned,valid,audio,461,720,728
unaligned,valid,audio,462,721,728
unaligned,valid,audio,463,721,728
unaligned,valid,audio,464,721,728
unaligned,valid,audio,465,721,728
unaligned,valid,audio,466,722,728
unaligned,valid,audio,467,722,728
unaligned,valid,audio,468,722,728
unaligned,valid,audio,469,722,728
unaligned,valid,audio,470,722,728
unaligned,valid,audio,471,722,728
unaligned,valid,audio,472,722,728
unaligned,valid,audio,473,722,728
unaligned,valid,audio,474,722,728
unaligned,valid,audio,475,723,728
unaligned,valid,audio,476,723,728
unaligned,valid,audio,477,723,728
unaligned,valid,audio,478,723,728
unaligned,valid,audio,479,723,728
unaligned,valid,audio,480,723,728
unaligned,valid,audio,481,723,728
unaligned,valid,audio,482,723,728
unaligned,valid,audio,483,723,728
unaligned,valid,audio,484,723,728
unaligned,valid,audio,485,723,728
unaligned,valid,audio,486,723,728
unaligned,valid,audio,487,723,728
unaligned,valid,audio,488,723,728
unaligned,valid,audio,489,723,728
unaligned,valid,audio,490,723,728
unaligned,valid,audio,491,723,728
unaligned,valid,audio,492,723,728
unaligned,valid,audio,493,723,728
unaligned,valid,audio,494,723,728
unaligned,valid,audio,495,723,728
unaligned,valid,audio,496,723,728
unaligned,valid,audio,497,723,728
unaligned,valid,audio,498,723,728
unaligned,valid,audio,499,723,728
unaligned,valid,vision,0,0,728
unaligned,valid,vision,1,19,728
unaligned,valid,vision,2,17,728
unaligned,valid,vision,3,21,728
unaligned,valid,vision,4,25,728
unaligned,valid,vision,5,32,728
unaligned,valid,vision,6,34,728
unaligned,valid,vision,7,40,728
unaligned,valid,vision,8,39,728
unaligned,valid,vision,9,38,728
unaligned,valid,vision,10,37,728
unaligned,valid,vision,11,41,728
unaligned,valid,vision,12,38,728
unaligned,valid,vision,13,37,728
unaligned,valid,vision,14,37,728
unaligned,valid,vision,15,40,728
unaligned,valid,vision,16,37,728
unaligned,valid,vision,17,38,728
unaligned,valid,vision,18,37,728
unaligned,valid,vision,19,39,728
unaligned,valid,vision,20,45,728
unaligned,valid,vision,21,47,728
unaligned,valid,vision,22,44,728
unaligned,valid,vision,23,41,728
unaligned,valid,vision,24,43,728
unaligned,valid,vision,25,40,728
unaligned,valid,vision,26,38,728
unaligned,valid,vision,27,44,728
unaligned,valid,vision,28,45,728
unaligned,valid,vision,29,45,728
unaligned,valid,vision,30,49,728
unaligned,valid,vision,31,46,728
unaligned,valid,vision,32,52,728
unaligned,valid,vision,33,53,728
unaligned,valid,vision,34,53,728
unaligned,valid,vision,35,55,728
unaligned,valid,vision,36,59,728
unaligned,valid,vision,37,61,728
unaligned,valid,vision,38,67,728
unaligned,valid,vision,39,64,728
unaligned,valid,vision,40,72,728
unaligned,valid,vision,41,74,728
unaligned,valid,vision,42,76,728
unaligned,valid,vision,43,75,728
unaligned,valid,vision,44,81,728
unaligned,valid,vision,45,88,728
unaligned,valid,vision,46,90,728
unaligned,valid,vision,47,96,728
unaligned,valid,vision,48,96,728
unaligned,valid,vision,49,98,728
unaligned,valid,vision,50,106,728
unaligned,valid,vision,51,110,728
unaligned,valid,vision,52,111,728
unaligned,valid,vision,53,114,728
unaligned,valid,vision,54,114,728
unaligned,valid,vision,55,121,728
unaligned,valid,vision,56,126,728
unaligned,valid,vision,57,126,728
unaligned,valid,vision,58,130,728
unaligned,valid,vision,59,135,728
unaligned,valid,vision,60,140,728
unaligned,valid,vision,61,147,728
unaligned,valid,vision,62,151,728
unaligned,valid,vision,63,157,728
unaligned,valid,vision,64,163,728
unaligned,valid,vision,65,166,728
unaligned,valid,vision,66,173,728
unaligned,valid,vision,67,179,728
unaligned,valid,vision,68,182,728
unaligned,valid,vision,69,182,728
unaligned,valid,vision,70,190,728
unaligned,valid,vision,71,196,728
unaligned,valid,vision,72,201,728
unaligned,valid,vision,73,206,728
unaligned,valid,vision,74,206,728
unaligned,valid,vision,75,216,728
unaligned,valid,vision,76,221,728
unaligned,valid,vision,77,230,728
unaligned,valid,vision,78,237,728
unaligned,valid,vision,79,251,728
unaligned,valid,vision,80,261,728
unaligned,valid,vision,81,259,728
unaligned,valid,vision,82,267,728
unaligned,valid,vision,83,270,728
unaligned,valid,vision,84,275,728
unaligned,valid,vision,85,286,728
unaligned,valid,vision,86,293,728
unaligned,valid,vision,87,296,728
unaligned,valid,vision,88,301,728
unaligned,valid,vision,89,307,728
unaligned,valid,vision,90,318,728
unaligned,valid,vision,91,321,728
unaligned,valid,vision,92,326,728
unaligned,valid,vision,93,326,728
unaligned,valid,vision,94,330,728
unaligned,valid,vision,95,337,728
unaligned,valid,vision,96,347,728
unaligned,valid,vision,97,349,728
unaligned,valid,vision,98,353,728
unaligned,valid,vision,99,355,728
unaligned,valid,vision,100,362,728
unaligned,valid,vision,101,369,728
unaligned,valid,vision,102,375,728
unaligned,valid,vision,103,382,728
unaligned,valid,vision,104,390,728
unaligned,valid,vision,105,394,728
unaligned,valid,vision,106,397,728
unaligned,valid,vision,107,402,728
unaligned,valid,vision,108,408,728
unaligned,valid,vision,109,407,728
unaligned,valid,vision,110,417,728
unaligned,valid,vision,111,420,728
unaligned,valid,vision,112,425,728
unaligned,valid,vision,113,431,728
unaligned,valid,vision,114,439,728
unaligned,valid,vision,115,444,728
unaligned,valid,vision,116,450,728
unaligned,valid,vision,117,454,728
unaligned,valid,vision,118,458,728
unaligned,valid,vision,119,461,728
unaligned,valid,vision,120,465,728
unaligned,valid,vision,121,467,728
unaligned,valid,vision,122,470,728
unaligned,valid,vision,123,472,728
unaligned,valid,vision,124,480,728
unaligned,valid,vision,125,490,728
unaligned,valid,vision,126,493,728
unaligned,valid,vision,127,497,728
unaligned,valid,vision,128,496,728
unaligned,valid,vision,129,498,728
unaligned,valid,vision,130,502,728
unaligned,valid,vision,131,506,728
unaligned,valid,vision,132,511,728
unaligned,valid,vision,133,518,728
unaligned,valid,vision,134,526,728
unaligned,valid,vision,135,529,728
unaligned,valid,vision,136,532,728
unaligned,valid,vision,137,537,728
unaligned,valid,vision,138,541,728
unaligned,valid,vision,139,545,728
unaligned,valid,vision,140,549,728
unaligned,valid,vision,141,552,728
unaligned,valid,vision,142,555,728
unaligned,valid,vision,143,555,728
unaligned,valid,vision,144,557,728
unaligned,valid,vision,145,564,728
unaligned,valid,vision,146,570,728
unaligned,valid,vision,147,570,728
unaligned,valid,vision,148,575,728
unaligned,valid,vision,149,581,728
unaligned,valid,vision,150,580,728
unaligned,valid,vision,151,583,728
unaligned,valid,vision,152,588,728
unaligned,valid,vision,153,588,728
unaligned,valid,vision,154,592,728
unaligned,valid,vision,155,592,728
unaligned,valid,vision,156,591,728
unaligned,valid,vision,157,596,728
unaligned,valid,vision,158,601,728
unaligned,valid,vision,159,605,728
unaligned,valid,vision,160,605,728
unaligned,valid,vision,161,609,728
unaligned,valid,vision,162,608,728
unaligned,valid,vision,163,610,728
unaligned,valid,vision,164,612,728
unaligned,valid,vision,165,614,728
unaligned,valid,vision,166,616,728
unaligned,valid,vision,167,616,728
unaligned,valid,vision,168,618,728
unaligned,valid,vision,169,625,728
unaligned,valid,vision,170,626,728
unaligned,valid,vision,171,627,728
unaligned,valid,vision,172,631,728
unaligned,valid,vision,173,633,728
unaligned,valid,vision,174,634,728
unaligned,valid,vision,175,636,728
unaligned,valid,vision,176,638,728
unaligned,valid,vision,177,640,728
unaligned,valid,vision,178,642,728
unaligned,valid,vision,179,643,728
unaligned,valid,vision,180,646,728
unaligned,valid,vision,181,645,728
unaligned,valid,vision,182,648,728
unaligned,valid,vision,183,649,728
unaligned,valid,vision,184,647,728
unaligned,valid,vision,185,649,728
unaligned,valid,vision,186,650,728
unaligned,valid,vision,187,653,728
unaligned,valid,vision,188,655,728
unaligned,valid,vision,189,655,728
unaligned,valid,vision,190,659,728
unaligned,valid,vision,191,662,728
unaligned,valid,vision,192,663,728
unaligned,valid,vision,193,667,728
unaligned,valid,vision,194,669,728
unaligned,valid,vision,195,669,728
unaligned,valid,vision,196,669,728
unaligned,valid,vision,197,671,728
unaligned,valid,vision,198,672,728
unaligned,valid,vision,199,672,728
unaligned,valid,vision,200,672,728
unaligned,valid,vision,201,674,728
unaligned,valid,vision,202,675,728
unaligned,valid,vision,203,675,728
unaligned,valid,vision,204,677,728
unaligned,valid,vision,205,678,728
unaligned,valid,vision,206,678,728
unaligned,valid,vision,207,678,728
unaligned,valid,vision,208,678,728
unaligned,valid,vision,209,678,728
unaligned,valid,vision,210,679,728
unaligned,valid,vision,211,681,728
unaligned,valid,vision,212,682,728
unaligned,valid,vision,213,683,728
unaligned,valid,vision,214,685,728
unaligned,valid,vision,215,685,728
unaligned,valid,vision,216,687,728
unaligned,valid,vision,217,687,728
unaligned,valid,vision,218,687,728
unaligned,valid,vision,219,687,728
unaligned,valid,vision,220,688,728
unaligned,valid,vision,221,688,728
unaligned,valid,vision,222,688,728
unaligned,valid,vision,223,688,728
unaligned,valid,vision,224,690,728
unaligned,valid,vision,225,690,728
unaligned,valid,vision,226,691,728
unaligned,valid,vision,227,691,728
unaligned,valid,vision,228,691,728
unaligned,valid,vision,229,691,728
unaligned,valid,vision,230,691,728
unaligned,valid,vision,231,691,728
unaligned,valid,vision,232,692,728
unaligned,valid,vision,233,692,728
unaligned,valid,vision,234,692,728
unaligned,valid,vision,235,692,728
unaligned,valid,vision,236,692,728
unaligned,valid,vision,237,692,728
unaligned,valid,vision,238,693,728
unaligned,valid,vision,239,694,728
unaligned,valid,vision,240,694,728
unaligned,valid,vision,241,696,728
unaligned,valid,vision,242,696,728
unaligned,valid,vision,243,696,728
unaligned,valid,vision,244,696,728
unaligned,valid,vision,245,696,728
unaligned,valid,vision,246,698,728
unaligned,valid,vision,247,698,728
unaligned,valid,vision,248,700,728
unaligned,valid,vision,249,700,728
unaligned,valid,vision,250,700,728
unaligned,valid,vision,251,701,728
unaligned,valid,vision,252,701,728
unaligned,valid,vision,253,702,728
unaligned,valid,vision,254,702,728
unaligned,valid,vision,255,703,728
unaligned,valid,vision,256,703,728
unaligned,valid,vision,257,703,728
unaligned,valid,vision,258,703,728
unaligned,valid,vision,259,704,728
unaligned,valid,vision,260,704,728
unaligned,valid,vision,261,704,728
unaligned,valid,vision,262,703,728
unaligned,valid,vision,263,704,728
unaligned,valid,vision,264,704,728
unaligned,valid,vision,265,705,728
unaligned,valid,vision,266,706,728
unaligned,valid,vision,267,706,728
unaligned,valid,vision,268,706,728
unaligned,valid,vision,269,707,728
unaligned,valid,vision,270,709,728
unaligned,valid,vision,271,707,728
unaligned,valid,vision,272,707,728
unaligned,valid,vision,273,709,728
unaligned,valid,vision,274,708,728
unaligned,valid,vision,275,709,728
unaligned,valid,vision,276,708,728
unaligned,valid,vision,277,707,728
unaligned,valid,vision,278,710,728
unaligned,valid,vision,279,710,728
unaligned,valid,vision,280,710,728
unaligned,valid,vision,281,709,728
unaligned,valid,vision,282,711,728
unaligned,valid,vision,283,711,728
unaligned,valid,vision,284,711,728
unaligned,valid,vision,285,712,728
unaligned,valid,vision,286,712,728
unaligned,valid,vision,287,712,728
unaligned,valid,vision,288,713,728
unaligned,valid,vision,289,711,728
unaligned,valid,vision,290,712,728
unaligned,valid,vision,291,713,728
unaligned,valid,vision,292,713,728
unaligned,valid,vision,293,711,728
unaligned,valid,vision,294,713,728
unaligned,valid,vision,295,714,728
unaligned,valid,vision,296,713,728
unaligned,valid,vision,297,715,728
unaligned,valid,vision,298,714,728
unaligned,valid,vision,299,713,728
unaligned,valid,vision,300,714,728
unaligned,valid,vision,301,713,728
unaligned,valid,vision,302,713,728
unaligned,valid,vision,303,714,728
unaligned,valid,vision,304,714,728
unaligned,valid,vision,305,715,728
unaligned,valid,vision,306,715,728
unaligned,valid,vision,307,715,728
unaligned,valid,vision,308,715,728
unaligned,valid,vision,309,715,728
unaligned,valid,vision,310,715,728
unaligned,valid,vision,311,715,728
unaligned,valid,vision,312,716,728
unaligned,valid,vision,313,716,728
unaligned,valid,vision,314,716,728
unaligned,valid,vision,315,716,728
unaligned,valid,vision,316,717,728
unaligned,valid,vision,317,718,728
unaligned,valid,vision,318,717,728
unaligned,valid,vision,319,716,728
unaligned,valid,vision,320,717,728
unaligned,valid,vision,321,718,728
unaligned,valid,vision,322,718,728
unaligned,valid,vision,323,718,728
unaligned,valid,vision,324,717,728
unaligned,valid,vision,325,717,728
unaligned,valid,vision,326,718,728
unaligned,valid,vision,327,718,728
unaligned,valid,vision,328,717,728
unaligned,valid,vision,329,717,728
unaligned,valid,vision,330,718,728
unaligned,valid,vision,331,718,728
unaligned,valid,vision,332,719,728
unaligned,valid,vision,333,719,728
unaligned,valid,vision,334,718,728
unaligned,valid,vision,335,718,728
unaligned,valid,vision,336,718,728
unaligned,valid,vision,337,719,728
unaligned,valid,vision,338,719,728
unaligned,valid,vision,339,719,728
unaligned,valid,vision,340,720,728
unaligned,valid,vision,341,720,728
unaligned,valid,vision,342,721,728
unaligned,valid,vision,343,722,728
unaligned,valid,vision,344,722,728
unaligned,valid,vision,345,720,728
unaligned,valid,vision,346,720,728
unaligned,valid,vision,347,722,728
unaligned,valid,vision,348,723,728
unaligned,valid,vision,349,723,728
unaligned,valid,vision,350,723,728
unaligned,valid,vision,351,723,728
unaligned,valid,vision,352,723,728
unaligned,valid,vision,353,723,728
unaligned,valid,vision,354,723,728
unaligned,valid,vision,355,723,728
unaligned,valid,vision,356,723,728
unaligned,valid,vision,357,724,728
unaligned,valid,vision,358,724,728
unaligned,valid,vision,359,725,728
unaligned,valid,vision,360,725,728
unaligned,valid,vision,361,724,728
unaligned,valid,vision,362,724,728
unaligned,valid,vision,363,725,728
unaligned,valid,vision,364,725,728
unaligned,valid,vision,365,725,728
unaligned,valid,vision,366,725,728
unaligned,valid,vision,367,724,728
unaligned,valid,vision,368,725,728
unaligned,valid,vision,369,725,728
unaligned,valid,vision,370,724,728
unaligned,valid,vision,371,725,728
unaligned,valid,vision,372,724,728
unaligned,valid,vision,373,725,728
unaligned,valid,vision,374,724,728
unaligned,valid,vision,375,724,728
unaligned,valid,vision,376,724,728
unaligned,valid,vision,377,724,728
unaligned,valid,vision,378,725,728
unaligned,valid,vision,379,725,728
unaligned,valid,vision,380,725,728
unaligned,valid,vision,381,725,728
unaligned,valid,vision,382,724,728
unaligned,valid,vision,383,724,728
unaligned,valid,vision,384,724,728
unaligned,valid,vision,385,724,728
unaligned,valid,vision,386,724,728
unaligned,valid,vision,387,724,728
unaligned,valid,vision,388,724,728
unaligned,valid,vision,389,724,728
unaligned,valid,vision,390,725,728
unaligned,valid,vision,391,725,728
unaligned,valid,vision,392,725,728
unaligned,valid,vision,393,725,728
unaligned,valid,vision,394,726,728
unaligned,valid,vision,395,726,728
unaligned,valid,vision,396,725,728
unaligned,valid,vision,397,725,728
unaligned,valid,vision,398,725,728
unaligned,valid,vision,399,725,728
unaligned,valid,vision,400,725,728
unaligned,valid,vision,401,725,728
unaligned,valid,vision,402,725,728
unaligned,valid,vision,403,725,728
unaligned,valid,vision,404,725,728
unaligned,valid,vision,405,725,728
unaligned,valid,vision,406,725,728
unaligned,valid,vision,407,725,728
unaligned,valid,vision,408,725,728
unaligned,valid,vision,409,725,728
unaligned,valid,vision,410,725,728
unaligned,valid,vision,411,726,728
unaligned,valid,vision,412,725,728
unaligned,valid,vision,413,725,728
unaligned,valid,vision,414,725,728
unaligned,valid,vision,415,725,728
unaligned,valid,vision,416,725,728
unaligned,valid,vision,417,725,728
unaligned,valid,vision,418,725,728
unaligned,valid,vision,419,725,728
unaligned,valid,vision,420,725,728
unaligned,valid,vision,421,725,728
unaligned,valid,vision,422,725,728
unaligned,valid,vision,423,726,728
unaligned,valid,vision,424,726,728
unaligned,valid,vision,425,726,728
unaligned,valid,vision,426,725,728
unaligned,valid,vision,427,725,728
unaligned,valid,vision,428,726,728
unaligned,valid,vision,429,725,728
unaligned,valid,vision,430,726,728
unaligned,valid,vision,431,726,728
unaligned,valid,vision,432,726,728
unaligned,valid,vision,433,726,728
unaligned,valid,vision,434,726,728
unaligned,valid,vision,435,726,728
unaligned,valid,vision,436,726,728
unaligned,valid,vision,437,726,728
unaligned,valid,vision,438,726,728
unaligned,valid,vision,439,726,728
unaligned,valid,vision,440,726,728
unaligned,valid,vision,441,726,728
unaligned,valid,vision,442,726,728
unaligned,valid,vision,443,726,728
unaligned,valid,vision,444,725,728
unaligned,valid,vision,445,725,728
unaligned,valid,vision,446,726,728
unaligned,valid,vision,447,726,728
unaligned,valid,vision,448,726,728
unaligned,valid,vision,449,726,728
unaligned,valid,vision,450,726,728
unaligned,valid,vision,451,727,728
unaligned,valid,vision,452,727,728
unaligned,valid,vision,453,727,728
unaligned,valid,vision,454,727,728
unaligned,valid,vision,455,726,728
unaligned,valid,vision,456,727,728
unaligned,valid,vision,457,727,728
unaligned,valid,vision,458,727,728
unaligned,valid,vision,459,727,728
unaligned,valid,vision,460,727,728
unaligned,valid,vision,461,727,728
unaligned,valid,vision,462,727,728
unaligned,valid,vision,463,727,728
unaligned,valid,vision,464,727,728
unaligned,valid,vision,465,727,728
unaligned,valid,vision,466,727,728
unaligned,valid,vision,467,727,728
unaligned,valid,vision,468,727,728
unaligned,valid,vision,469,727,728
unaligned,valid,vision,470,727,728
unaligned,valid,vision,471,727,728
unaligned,valid,vision,472,727,728
unaligned,valid,vision,473,727,728
unaligned,valid,vision,474,726,728
unaligned,valid,vision,475,726,728
unaligned,valid,vision,476,726,728
unaligned,valid,vision,477,726,728
unaligned,valid,vision,478,726,728
unaligned,valid,vision,479,726,728
unaligned,valid,vision,480,726,728
unaligned,valid,vision,481,726,728
unaligned,valid,vision,482,727,728
unaligned,valid,vision,483,727,728
unaligned,valid,vision,484,727,728
unaligned,valid,vision,485,727,728
unaligned,valid,vision,486,727,728
unaligned,valid,vision,487,726,728
unaligned,valid,vision,488,726,728
unaligned,valid,vision,489,726,728
unaligned,valid,vision,490,726,728
unaligned,valid,vision,491,726,728
unaligned,valid,vision,492,726,728
unaligned,valid,vision,493,726,728
unaligned,valid,vision,494,727,728
unaligned,valid,vision,495,727,728
unaligned,valid,vision,496,727,728
unaligned,valid,vision,497,727,728
unaligned,valid,vision,498,727,728
unaligned,valid,vision,499,726,728
