configuration,status,dimension,value,nominal_conditions,seed,mean_coverage,macro_F1,MAE
B-A-identity,ALL_THREE_PRESPECIFIED_SEEDS_COMPLETED,target_modality_group,A,16,17,0.992445054945055,0.30110927935537807,0.7910874688285874
B-A-identity,ALL_THREE_PRESPECIFIED_SEEDS_COMPLETED,target_modality_group,A,16,29,0.992445054945055,0.31609634173228063,0.8628419639901819
B-A-identity,ALL_THREE_PRESPECIFIED_SEEDS_COMPLETED,target_modality_group,A,16,43,0.992445054945055,0.2862346011162883,0.8137184348920145
B-A-identity,ALL_THREE_PRESPECIFIED_SEEDS_COMPLETED,target_modality_group,AV,16,17,0.9625686813186813,0.30156932305172507,0.7911888217208248
B-A-identity,ALL_THREE_PRESPECIFIED_SEEDS_COMPLETED,target_modality_group,AV,16,29,0.9625686813186813,0.3170953208258584,0.8624426228287174
B-A-identity,ALL_THREE_PRESPECIFIED_SEEDS_COMPLETED,target_modality_group,AV,16,43,0.9625686813186813,0.286557631165917,0.8133828721274168
B-A-identity,ALL_THREE_PRESPECIFIED_SEEDS_COMPLETED,target_modality_group,T,16,17,1.0,0.3067195106070592,0.7875848845057419
B-A-identity,ALL_THREE_PRESPECIFIED_SEEDS_COMPLETED,target_modality_group,T,16,29,1.0,0.32129685632138966,0.8579859431259907
B-A-identity,ALL_THREE_PRESPECIFIED_SEEDS_COMPLETED,target_modality_group,T,16,43,1.0,0.29467816271417746,0.8105619313658451
B-A-identity,ALL_THREE_PRESPECIFIED_SEEDS_COMPLETED,target_modality_group,TA,16,17,0.992445054945055,0.3012732946731088,0.7914058533924617
B-A-identity,ALL_THREE_PRESPECIFIED_SEEDS_COMPLETED,target_modality_group,TA,16,29,0.992445054945055,0.3149286377996468,0.8626232807592771
B-A-identity,ALL_THREE_PRESPECIFIED_SEEDS_COMPLETED,target_modality_group,TA,16,43,0.992445054945055,0.2860416282785307,0.8135064494476681
B-A-identity,ALL_THREE_PRESPECIFIED_SEEDS_COMPLETED,target_modality_group,TV,16,17,0.9625686813186813,0.3067195106070592,0.7875848845057419
B-A-identity,ALL_THREE_PRESPECIFIED_SEEDS_COMPLETED,target_modality_group,TV,16,29,0.9625686813186813,0.32129685632138966,0.8579859431259907
B-A-identity,ALL_THREE_PRESPECIFIED_SEEDS_COMPLETED,target_modality_group,TV,16,43,0.9625686813186813,0.29467816271417746,0.8105619313658451
B-A-identity,ALL_THREE_PRESPECIFIED_SEEDS_COMPLETED,target_modality_group,V,16,17,0.9625686813186813,0.3067195106070592,0.7875848845057419
B-A-identity,ALL_THREE_PRESPECIFIED_SEEDS_COMPLETED,target_modality_group,V,16,29,0.9625686813186813,0.32129685632138966,0.8579859431259907
B-A-identity,ALL_THREE_PRESPECIFIED_SEEDS_COMPLETED,target_modality_group,V,16,43,0.9625686813186813,0.29467816271417746,0.8105619313658451
B-A-identity,ALL_THREE_PRESPECIFIED_SEEDS_COMPLETED,nominal_supported_window_fraction,0.1,24,17,0.9809981684981685,0.3047077860623529,0.7876456768547756
B-A-identity,ALL_THREE_PRESPECIFIED_SEEDS_COMPLETED,nominal_supported_window_fraction,0.1,24,29,0.9809981684981685,0.3191666763318009,0.8584034859447387
B-A-identity,ALL_THREE_PRESPECIFIED_SEEDS_COMPLETED,nominal_supported_window_fraction,0.1,24,43,0.9809981684981685,0.29084787432948206,0.8106429677362305
B-A-identity,ALL_THREE_PRESPECIFIED_SEEDS_COMPLETED,nominal_supported_window_fraction,0.3,24,17,0.9809981684981685,0.3047420196377084,0.788434533859452
B-A-identity,ALL_THREE_PRESPECIFIED_SEEDS_COMPLETED,nominal_supported_window_fraction,0.3,24,29,0.9809981684981685,0.31950817509964297,0.8591028270758695
B-A-identity,ALL_THREE_PRESPECIFIED_SEEDS_COMPLETED,nominal_supported_window_fraction,0.3,24,43,0.9809981684981685,0.290648214524535,0.8115303601952424
B-A-identity,ALL_THREE_PRESPECIFIED_SEEDS_COMPLETED,nominal_supported_window_fraction,0.5,24,17,0.9809981684981685,0.30500032194752696,0.7896809967782396
B-A-identity,ALL_THREE_PRESPECIFIED_SEEDS_COMPLETED,nominal_supported_window_fraction,0.5,24,29,0.9809981684981685,0.31851663450819895,0.8598938091544879
B-A-identity,ALL_THREE_PRESPECIFIED_SEEDS_COMPLETED,nominal_supported_window_fraction,0.5,24,43,0.9809981684981685,0.2900918189184466,0.8120622506369676
B-A-identity,ALL_THREE_PRESPECIFIED_SEEDS_COMPLETED,nominal_supported_window_fraction,0.7,24,17,0.9720695970695972,0.30162349162000474,0.7918633241469327
B-A-identity,ALL_THREE_PRESPECIFIED_SEEDS_COMPLETED,nominal_supported_window_fraction,0.7,24,29,0.9720695970695972,0.31748242694166035,0.8638436757956698
B-A-identity,ALL_THREE_PRESPECIFIED_SEEDS_COMPLETED,nominal_supported_window_fraction,0.7,24,43,0.9720695970695972,0.290324324696382,0.8139601218079826
B-A-identity,ALL_THREE_PRESPECIFIED_SEEDS_COMPLETED,position,back,24,17,0.9787660256410257,0.30517611568979924,0.7896049701427857
B-A-identity,ALL_THREE_PRESPECIFIED_SEEDS_COMPLETED,position,back,24,29,0.9787660256410257,0.3187004796912393,0.8590020824137752
B-A-identity,ALL_THREE_PRESPECIFIED_SEEDS_COMPLETED,position,back,24,43,0.9787660256410257,0.2934404977242131,0.8127175746574142
B-A-identity,ALL_THREE_PRESPECIFIED_SEEDS_COMPLETED,position,front,24,17,0.9787660256410257,0.30373591533448324,0.7898534568125314
B-A-identity,ALL_THREE_PRESPECIFIED_SEEDS_COMPLETED,position,front,24,29,0.9787660256410257,0.32268300449240306,0.8627035917085975
B-A-identity,ALL_THREE_PRESPECIFIED_SEEDS_COMPLETED,position,front,24,43,0.9787660256410257,0.2872311046461638,0.8125193414990121
B-A-identity,ALL_THREE_PRESPECIFIED_SEEDS_COMPLETED,position,middle,24,17,0.9787660256410257,0.3036579188220527,0.7886258238002003
B-A-identity,ALL_THREE_PRESPECIFIED_SEEDS_COMPLETED,position,middle,24,29,0.9787660256410257,0.3147475029216774,0.8590604005590922
B-A-identity,ALL_THREE_PRESPECIFIED_SEEDS_COMPLETED,position,middle,24,43,0.9787660256410257,0.29134070164480036,0.8107170673840848
B-A-identity,ALL_THREE_PRESPECIFIED_SEEDS_COMPLETED,position,random,24,17,0.9787660256410257,0.3035036694212579,0.7895402808838824
B-A-identity,ALL_THREE_PRESPECIFIED_SEEDS_COMPLETED,position,random,24,29,0.9787660256410257,0.31854292577598337,0.8604777232893009
B-A-identity,ALL_THREE_PRESPECIFIED_SEEDS_COMPLETED,position,random,24,43,0.9787660256410257,0.2898999284536683,0.8122417168359122
B-A-zscore,ALL_THREE_PRESPECIFIED_SEEDS_COMPLETED,target_modality_group,A,16,17,0.992445054945055,0.3436511306159717,0.8731371344439529
B-A-zscore,ALL_THREE_PRESPECIFIED_SEEDS_COMPLETED,target_modality_group,A,16,29,0.992445054945055,0.3494746309971034,0.8567385895885276
B-A-zscore,ALL_THREE_PRESPECIFIED_SEEDS_COMPLETED,target_modality_group,A,16,43,0.992445054945055,0.3578125939173057,0.8849883929156538
B-A-zscore,ALL_THREE_PRESPECIFIED_SEEDS_COMPLETED,target_modality_group,AV,16,17,0.9625686813186813,0.34334975678219626,0.8724448724739916
B-A-zscore,ALL_THREE_PRESPECIFIED_SEEDS_COMPLETED,target_modality_group,AV,16,29,0.9625686813186813,0.34995970967965406,0.8561900487080499
B-A-zscore,ALL_THREE_PRESPECIFIED_SEEDS_COMPLETED,target_modality_group,AV,16,43,0.9625686813186813,0.35807504109904703,0.8834785612043761
B-A-zscore,ALL_THREE_PRESPECIFIED_SEEDS_COMPLETED,target_modality_group,T,16,17,1.0,0.3546529236013547,0.8443088904307813
B-A-zscore,ALL_THREE_PRESPECIFIED_SEEDS_COMPLETED,target_modality_group,T,16,29,1.0,0.37336044095057375,0.8384772639663745
B-A-zscore,ALL_THREE_PRESPECIFIED_SEEDS_COMPLETED,target_modality_group,T,16,43,1.0,0.36841356707030654,0.8522815196458275
B-A-zscore,ALL_THREE_PRESPECIFIED_SEEDS_COMPLETED,target_modality_group,TA,16,17,0.992445054945055,0.34422250919302133,0.8734433998613481
B-A-zscore,ALL_THREE_PRESPECIFIED_SEEDS_COMPLETED,target_modality_group,TA,16,29,0.992445054945055,0.3475377634654295,0.8571431217518021
B-A-zscore,ALL_THREE_PRESPECIFIED_SEEDS_COMPLETED,target_modality_group,TA,16,43,0.992445054945055,0.3579019518320673,0.8841378845018271
B-A-zscore,ALL_THREE_PRESPECIFIED_SEEDS_COMPLETED,target_modality_group,TV,16,17,0.9625686813186813,0.3546529236013547,0.8443088904307813
B-A-zscore,ALL_THREE_PRESPECIFIED_SEEDS_COMPLETED,target_modality_group,TV,16,29,0.9625686813186813,0.37336044095057375,0.8384772639663745
B-A-zscore,ALL_THREE_PRESPECIFIED_SEEDS_COMPLETED,target_modality_group,TV,16,43,0.9625686813186813,0.36841356707030654,0.8522815196458275
B-A-zscore,ALL_THREE_PRESPECIFIED_SEEDS_COMPLETED,target_modality_group,V,16,17,0.9625686813186813,0.3546529236013547,0.8443088904307813
B-A-zscore,ALL_THREE_PRESPECIFIED_SEEDS_COMPLETED,target_modality_group,V,16,29,0.9625686813186813,0.37336044095057375,0.8384772639663745
B-A-zscore,ALL_THREE_PRESPECIFIED_SEEDS_COMPLETED,target_modality_group,V,16,43,0.9625686813186813,0.36841356707030654,0.8522815196458275
B-A-zscore,ALL_THREE_PRESPECIFIED_SEEDS_COMPLETED,nominal_supported_window_fraction,0.1,24,17,0.9809981684981685,0.3492900908556485,0.844534029268816
B-A-zscore,ALL_THREE_PRESPECIFIED_SEEDS_COMPLETED,nominal_supported_window_fraction,0.1,24,29,0.9809981684981685,0.36735957445620016,0.8391711360220923
B-A-zscore,ALL_THREE_PRESPECIFIED_SEEDS_COMPLETED,nominal_supported_window_fraction,0.1,24,43,0.9809981684981685,0.36167460597732265,0.8549719386081427
B-A-zscore,ALL_THREE_PRESPECIFIED_SEEDS_COMPLETED,nominal_supported_window_fraction,0.3,24,17,0.9809981684981685,0.3545503937912661,0.8509134701623876
B-A-zscore,ALL_THREE_PRESPECIFIED_SEEDS_COMPLETED,nominal_supported_window_fraction,0.3,24,29,0.9809981684981685,0.36177163062753664,0.8427744929094411
B-A-zscore,ALL_THREE_PRESPECIFIED_SEEDS_COMPLETED,nominal_supported_window_fraction,0.3,24,43,0.9809981684981685,0.3660996808764854,0.8619767478270197
B-A-zscore,ALL_THREE_PRESPECIFIED_SEEDS_COMPLETED,nominal_supported_window_fraction,0.5,24,17,0.9809981684981685,0.3472206486558649,0.8599086796083978
B-A-zscore,ALL_THREE_PRESPECIFIED_SEEDS_COMPLETED,nominal_supported_window_fraction,0.5,24,29,0.9809981684981685,0.3581837652356015,0.8472132791220436
B-A-zscore,ALL_THREE_PRESPECIFIED_SEEDS_COMPLETED,nominal_supported_window_fraction,0.5,24,43,0.9809981684981685,0.3645819612091934,0.8707301232316351
B-A-zscore,ALL_THREE_PRESPECIFIED_SEEDS_COMPLETED,nominal_supported_window_fraction,0.7,24,17,0.9720695970695972,0.34572697829405613,0.879278539674823
B-A-zscore,ALL_THREE_PRESPECIFIED_SEEDS_COMPLETED,nominal_supported_window_fraction,0.7,24,29,0.9720695970695972,0.3573873143432671,0.8611767932447586
B-A-zscore,ALL_THREE_PRESPECIFIED_SEEDS_COMPLETED,nominal_supported_window_fraction,0.7,24,43,0.9720695970695972,0.36033061064322497,0.8852874553727622
B-A-zscore,ALL_THREE_PRESPECIFIED_SEEDS_COMPLETED,position,back,24,17,0.9787660256410257,0.3486027817257011,0.8578849794856188
B-A-zscore,ALL_THREE_PRESPECIFIED_SEEDS_COMPLETED,position,back,24,29,0.9787660256410257,0.3600600521737163,0.8509878819533343
B-A-zscore,ALL_THREE_PRESPECIFIED_SEEDS_COMPLETED,position,back,24,43,0.9787660256410257,0.3635702421481084,0.8680557480968942
B-A-zscore,ALL_THREE_PRESPECIFIED_SEEDS_COMPLETED,position,front,24,17,0.9787660256410257,0.3530764363225594,0.8585895329450755
B-A-zscore,ALL_THREE_PRESPECIFIED_SEEDS_COMPLETED,position,front,24,29,0.9787660256410257,0.36391881806929693,0.8488930120660264
B-A-zscore,ALL_THREE_PRESPECIFIED_SEEDS_COMPLETED,position,front,24,43,0.9787660256410257,0.3600547651711839,0.8709135109997005
B-A-zscore,ALL_THREE_PRESPECIFIED_SEEDS_COMPLETED,position,middle,24,17,0.9787660256410257,0.34626762839347885,0.8588543833253631
B-A-zscore,ALL_THREE_PRESPECIFIED_SEEDS_COMPLETED,position,middle,24,29,0.9787660256410257,0.35976291434247054,0.8425061211067696
B-A-zscore,ALL_THREE_PRESPECIFIED_SEEDS_COMPLETED,position,middle,24,43,0.9787660256410257,0.36711799102126524,0.8648367811222473
B-A-zscore,ALL_THREE_PRESPECIFIED_SEEDS_COMPLETED,position,random,24,17,0.9787660256410257,0.3488412651550962,0.8593058229583669
B-A-zscore,ALL_THREE_PRESPECIFIED_SEEDS_COMPLETED,position,random,24,29,0.9787660256410257,0.36096050007712166,0.847948686172205
B-A-zscore,ALL_THREE_PRESPECIFIED_SEEDS_COMPLETED,position,random,24,43,0.9787660256410257,0.36194386036566883,0.8691602248207176
B-CAT-identity,ALL_THREE_PRESPECIFIED_SEEDS_COMPLETED,target_modality_group,A,16,17,0.992445054945055,0.6105287982243065,0.6380242195218238
B-CAT-identity,ALL_THREE_PRESPECIFIED_SEEDS_COMPLETED,target_modality_group,A,16,29,0.992445054945055,0.5882092473170228,0.7070407245588158
B-CAT-identity,ALL_THREE_PRESPECIFIED_SEEDS_COMPLETED,target_modality_group,A,16,43,0.992445054945055,0.5959145530195371,0.681980513320897
B-CAT-identity,ALL_THREE_PRESPECIFIED_SEEDS_COMPLETED,target_modality_group,AV,16,17,0.9625686813186813,0.604699439558827,0.6391452908074682
B-CAT-identity,ALL_THREE_PRESPECIFIED_SEEDS_COMPLETED,target_modality_group,AV,16,29,0.9625686813186813,0.5896293815512278,0.7079812412277213
B-CAT-identity,ALL_THREE_PRESPECIFIED_SEEDS_COMPLETED,target_modality_group,AV,16,43,0.9625686813186813,0.5938480708011008,0.6814730744545561
B-CAT-identity,ALL_THREE_PRESPECIFIED_SEEDS_COMPLETED,target_modality_group,T,16,17,1.0,0.597162730045701,0.6556380780207675
B-CAT-identity,ALL_THREE_PRESPECIFIED_SEEDS_COMPLETED,target_modality_group,T,16,29,1.0,0.5774391539210451,0.7110939205704765
B-CAT-identity,ALL_THREE_PRESPECIFIED_SEEDS_COMPLETED,target_modality_group,T,16,43,1.0,0.592152136993254,0.7091875937516854
B-CAT-identity,ALL_THREE_PRESPECIFIED_SEEDS_COMPLETED,target_modality_group,TA,16,17,0.992445054945055,0.5930409917619734,0.6547058143455032
B-CAT-identity,ALL_THREE_PRESPECIFIED_SEEDS_COMPLETED,target_modality_group,TA,16,29,0.992445054945055,0.5750662922372862,0.7128198686241576
B-CAT-identity,ALL_THREE_PRESPECIFIED_SEEDS_COMPLETED,target_modality_group,TA,16,43,0.992445054945055,0.5874874842809414,0.7089810864258869
B-CAT-identity,ALL_THREE_PRESPECIFIED_SEEDS_COMPLETED,target_modality_group,TV,16,17,0.9625686813186813,0.5915849782669589,0.654339742720264
B-CAT-identity,ALL_THREE_PRESPECIFIED_SEEDS_COMPLETED,target_modality_group,TV,16,29,0.9625686813186813,0.5772382374367008,0.7090164060721594
B-CAT-identity,ALL_THREE_PRESPECIFIED_SEEDS_COMPLETED,target_modality_group,TV,16,43,0.9625686813186813,0.5920027255291584,0.7067636002944792
B-CAT-identity,ALL_THREE_PRESPECIFIED_SEEDS_COMPLETED,target_modality_group,V,16,17,0.9625686813186813,0.6092094875591592,0.6390067579747128
B-CAT-identity,ALL_THREE_PRESPECIFIED_SEEDS_COMPLETED,target_modality_group,V,16,29,0.9625686813186813,0.5930377889709615,0.7053031842470663
B-CAT-identity,ALL_THREE_PRESPECIFIED_SEEDS_COMPLETED,target_modality_group,V,16,43,0.9625686813186813,0.5948179235255364,0.6796080929540013
B-CAT-identity,ALL_THREE_PRESPECIFIED_SEEDS_COMPLETED,nominal_supported_window_fraction,0.1,24,17,0.9809981684981685,0.6121286823058194,0.6392754835948155
B-CAT-identity,ALL_THREE_PRESPECIFIED_SEEDS_COMPLETED,nominal_supported_window_fraction,0.1,24,29,0.9809981684981685,0.5909984095351848,0.7086045346008781
B-CAT-identity,ALL_THREE_PRESPECIFIED_SEEDS_COMPLETED,nominal_supported_window_fraction,0.1,24,43,0.9809981684981685,0.5976713178018133,0.6799794597127171
B-CAT-identity,ALL_THREE_PRESPECIFIED_SEEDS_COMPLETED,nominal_supported_window_fraction,0.3,24,17,0.9809981684981685,0.6086000918977711,0.6436760697295215
B-CAT-identity,ALL_THREE_PRESPECIFIED_SEEDS_COMPLETED,nominal_supported_window_fraction,0.3,24,29,0.9809981684981685,0.5868131044052168,0.7094735855216495
B-CAT-identity,ALL_THREE_PRESPECIFIED_SEEDS_COMPLETED,nominal_supported_window_fraction,0.3,24,43,0.9809981684981685,0.5968609617494359,0.6867321977559873
B-CAT-identity,ALL_THREE_PRESPECIFIED_SEEDS_COMPLETED,nominal_supported_window_fraction,0.5,24,17,0.9809981684981685,0.5981821470869219,0.6477371617387871
B-CAT-identity,ALL_THREE_PRESPECIFIED_SEEDS_COMPLETED,nominal_supported_window_fraction,0.5,24,29,0.9809981684981685,0.5814702569548599,0.7089223767470263
B-CAT-identity,ALL_THREE_PRESPECIFIED_SEEDS_COMPLETED,nominal_supported_window_fraction,0.5,24,43,0.9809981684981685,0.5924749186221995,0.6963263847751091
B-CAT-identity,ALL_THREE_PRESPECIFIED_SEEDS_COMPLETED,nominal_supported_window_fraction,0.7,24,17,0.9720695970695972,0.5852400289874384,0.6565512205305688
B-CAT-identity,ALL_THREE_PRESPECIFIED_SEEDS_COMPLETED,nominal_supported_window_fraction,0.7,24,29,0.9720695970695972,0.5744649633942347,0.708503066664044
B-CAT-identity,ALL_THREE_PRESPECIFIED_SEEDS_COMPLETED,nominal_supported_window_fraction,0.7,24,43,0.9720695970695972,0.5838080645929035,0.7156245985571904
B-CAT-identity,ALL_THREE_PRESPECIFIED_SEEDS_COMPLETED,position,back,24,17,0.9787660256410257,0.6005340673842058,0.6504424182326497
B-CAT-identity,ALL_THREE_PRESPECIFIED_SEEDS_COMPLETED,position,back,24,29,0.9787660256410257,0.5809890152779689,0.7199434806568004
B-CAT-identity,ALL_THREE_PRESPECIFIED_SEEDS_COMPLETED,position,back,24,43,0.9787660256410257,0.5930771405146188,0.685814648500628
B-CAT-identity,ALL_THREE_PRESPECIFIED_SEEDS_COMPLETED,position,front,24,17,0.9787660256410257,0.6061387509209982,0.6483092124678175
B-CAT-identity,ALL_THREE_PRESPECIFIED_SEEDS_COMPLETED,position,front,24,29,0.9787660256410257,0.5831553461565021,0.7135872258922206
B-CAT-identity,ALL_THREE_PRESPECIFIED_SEEDS_COMPLETED,position,front,24,43,0.9787660256410257,0.5921221065811141,0.7007706827892655
B-CAT-identity,ALL_THREE_PRESPECIFIED_SEEDS_COMPLETED,position,middle,24,17,0.9787660256410257,0.5979674404291137,0.6415177899965677
B-CAT-identity,ALL_THREE_PRESPECIFIED_SEEDS_COMPLETED,position,middle,24,29,0.9787660256410257,0.5876627898069421,0.6968124928523368
B-CAT-identity,ALL_THREE_PRESPECIFIED_SEEDS_COMPLETED,position,middle,24,43,0.9787660256410257,0.5934732608224441,0.6954793057491274
B-CAT-identity,ALL_THREE_PRESPECIFIED_SEEDS_COMPLETED,position,random,24,17,0.9787660256410257,0.599510691543633,0.646970514896658
B-CAT-identity,ALL_THREE_PRESPECIFIED_SEEDS_COMPLETED,position,random,24,29,0.9787660256410257,0.581939583048083,0.7051603641322401
B-CAT-identity,ALL_THREE_PRESPECIFIED_SEEDS_COMPLETED,position,random,24,43,0.9787660256410257,0.5921427548481751,0.696598003761983
B-CAT-zscore,ALL_THREE_PRESPECIFIED_SEEDS_COMPLETED,target_modality_group,A,16,17,0.992445054945055,0.5888298085674646,0.6806186198643008
B-CAT-zscore,ALL_THREE_PRESPECIFIED_SEEDS_COMPLETED,target_modality_group,A,16,29,0.992445054945055,0.601700241498149,0.6244461444764053
B-CAT-zscore,ALL_THREE_PRESPECIFIED_SEEDS_COMPLETED,target_modality_group,A,16,43,0.992445054945055,0.5982349964512319,0.6287183722885887
B-CAT-zscore,ALL_THREE_PRESPECIFIED_SEEDS_COMPLETED,target_modality_group,AV,16,17,0.9625686813186813,0.5899779795918174,0.6813647444570408
B-CAT-zscore,ALL_THREE_PRESPECIFIED_SEEDS_COMPLETED,target_modality_group,AV,16,29,0.9625686813186813,0.5997582996866343,0.6239746259506895
B-CAT-zscore,ALL_THREE_PRESPECIFIED_SEEDS_COMPLETED,target_modality_group,AV,16,43,0.9625686813186813,0.5980499358241843,0.62858578615855
B-CAT-zscore,ALL_THREE_PRESPECIFIED_SEEDS_COMPLETED,target_modality_group,T,16,17,1.0,0.565258548609851,0.6987696919251782
B-CAT-zscore,ALL_THREE_PRESPECIFIED_SEEDS_COMPLETED,target_modality_group,T,16,29,1.0,0.5827288301680383,0.6531272042306054
B-CAT-zscore,ALL_THREE_PRESPECIFIED_SEEDS_COMPLETED,target_modality_group,T,16,43,1.0,0.5789330453231493,0.6428752618227814
B-CAT-zscore,ALL_THREE_PRESPECIFIED_SEEDS_COMPLETED,target_modality_group,TA,16,17,0.992445054945055,0.5630089338499998,0.7013358197267295
B-CAT-zscore,ALL_THREE_PRESPECIFIED_SEEDS_COMPLETED,target_modality_group,TA,16,29,0.992445054945055,0.581493572523347,0.6550496544978059
B-CAT-zscore,ALL_THREE_PRESPECIFIED_SEEDS_COMPLETED,target_modality_group,TA,16,43,0.992445054945055,0.5777594840941476,0.6460283742339509
B-CAT-zscore,ALL_THREE_PRESPECIFIED_SEEDS_COMPLETED,target_modality_group,TV,16,17,0.9625686813186813,0.569048067268593,0.6949629753959256
B-CAT-zscore,ALL_THREE_PRESPECIFIED_SEEDS_COMPLETED,target_modality_group,TV,16,29,0.9625686813186813,0.5826325061683093,0.6508868667847792
B-CAT-zscore,ALL_THREE_PRESPECIFIED_SEEDS_COMPLETED,target_modality_group,TV,16,43,0.9625686813186813,0.5774168923739255,0.6423993285672436
B-CAT-zscore,ALL_THREE_PRESPECIFIED_SEEDS_COMPLETED,target_modality_group,V,16,17,0.9625686813186813,0.595781793481502,0.6785860256034609
B-CAT-zscore,ALL_THREE_PRESPECIFIED_SEEDS_COMPLETED,target_modality_group,V,16,29,0.9625686813186813,0.6036689083688624,0.6231540726503226
B-CAT-zscore,ALL_THREE_PRESPECIFIED_SEEDS_COMPLETED,target_modality_group,V,16,43,0.9625686813186813,0.5976502718435824,0.6268153159764398
B-CAT-zscore,ALL_THREE_PRESPECIFIED_SEEDS_COMPLETED,nominal_supported_window_fraction,0.1,24,17,0.9809981684981685,0.5914594069650482,0.6807618581019458
B-CAT-zscore,ALL_THREE_PRESPECIFIED_SEEDS_COMPLETED,nominal_supported_window_fraction,0.1,24,29,0.9809981684981685,0.5999355184663383,0.6267378338115177
B-CAT-zscore,ALL_THREE_PRESPECIFIED_SEEDS_COMPLETED,nominal_supported_window_fraction,0.1,24,43,0.9809981684981685,0.5943970187664631,0.6280371218250117
B-CAT-zscore,ALL_THREE_PRESPECIFIED_SEEDS_COMPLETED,nominal_supported_window_fraction,0.3,24,17,0.9809981684981685,0.5839332786756947,0.6857192088952968
B-CAT-zscore,ALL_THREE_PRESPECIFIED_SEEDS_COMPLETED,nominal_supported_window_fraction,0.3,24,29,0.9809981684981685,0.5963682305752247,0.632644344937693
B-CAT-zscore,ALL_THREE_PRESPECIFIED_SEEDS_COMPLETED,nominal_supported_window_fraction,0.3,24,43,0.9809981684981685,0.5916624680106285,0.6322381744810158
B-CAT-zscore,ALL_THREE_PRESPECIFIED_SEEDS_COMPLETED,nominal_supported_window_fraction,0.5,24,17,0.9809981684981685,0.5730981356703165,0.6897214857898054
B-CAT-zscore,ALL_THREE_PRESPECIFIED_SEEDS_COMPLETED,nominal_supported_window_fraction,0.5,24,29,0.9809981684981685,0.590152201722546,0.6397575820659983
B-CAT-zscore,ALL_THREE_PRESPECIFIED_SEEDS_COMPLETED,nominal_supported_window_fraction,0.5,24,43,0.9809981684981685,0.5877230799691867,0.6362686038856304
B-CAT-zscore,ALL_THREE_PRESPECIFIED_SEEDS_COMPLETED,nominal_supported_window_fraction,0.7,24,17,0.9720695970695972,0.5661125996017593,0.7008893651947092
B-CAT-zscore,ALL_THREE_PRESPECIFIED_SEEDS_COMPLETED,nominal_supported_window_fraction,0.7,24,29,0.9720695970695972,0.581532288178118,0.654619284911863
B-CAT-zscore,ALL_THREE_PRESPECIFIED_SEEDS_COMPLETED,nominal_supported_window_fraction,0.7,24,43,0.9720695970695972,0.5782471838605358,0.6470710591733783
B-CAT-zscore,ALL_THREE_PRESPECIFIED_SEEDS_COMPLETED,position,back,24,17,0.9787660256410257,0.5783548651545894,0.693850629031365
B-CAT-zscore,ALL_THREE_PRESPECIFIED_SEEDS_COMPLETED,position,back,24,29,0.9787660256410257,0.5858041566233237,0.6414950143897484
B-CAT-zscore,ALL_THREE_PRESPECIFIED_SEEDS_COMPLETED,position,back,24,43,0.9787660256410257,0.5839064282621114,0.6332295085815335
B-CAT-zscore,ALL_THREE_PRESPECIFIED_SEEDS_COMPLETED,position,front,24,17,0.9787660256410257,0.5729938381680492,0.6936858155208389
B-CAT-zscore,ALL_THREE_PRESPECIFIED_SEEDS_COMPLETED,position,front,24,29,0.9787660256410257,0.5881737140073066,0.6451867655319575
B-CAT-zscore,ALL_THREE_PRESPECIFIED_SEEDS_COMPLETED,position,front,24,43,0.9787660256410257,0.5865222545852541,0.6444101959116982
B-CAT-zscore,ALL_THREE_PRESPECIFIED_SEEDS_COMPLETED,position,middle,24,17,0.9787660256410257,0.5839691797555709,0.6825711508275266
B-CAT-zscore,ALL_THREE_PRESPECIFIED_SEEDS_COMPLETED,position,middle,24,29,0.9787660256410257,0.5995592339472534,0.6308339610138148
B-CAT-zscore,ALL_THREE_PRESPECIFIED_SEEDS_COMPLETED,position,middle,24,43,0.9787660256410257,0.5931545196782596,0.6307470515888375
B-CAT-zscore,ALL_THREE_PRESPECIFIED_SEEDS_COMPLETED,position,random,24,17,0.9787660256410257,0.579285537834609,0.6869843226020268
B-CAT-zscore,ALL_THREE_PRESPECIFIED_SEEDS_COMPLETED,position,random,24,29,0.9787660256410257,0.5944511343643433,0.6362433047915512
B-CAT-zscore,ALL_THREE_PRESPECIFIED_SEEDS_COMPLETED,position,random,24,43,0.9787660256410257,0.588446548081189,0.6352282032829671
B-T-identity,ALL_THREE_PRESPECIFIED_SEEDS_COMPLETED,target_modality_group,A,16,17,0.992445054945055,0.5964952650113701,0.6184329031589236
B-T-identity,ALL_THREE_PRESPECIFIED_SEEDS_COMPLETED,target_modality_group,A,16,29,0.992445054945055,0.5919285839008207,0.6130139361664008
B-T-identity,ALL_THREE_PRESPECIFIED_SEEDS_COMPLETED,target_modality_group,A,16,43,0.992445054945055,0.5982491053775812,0.6103183572002429
B-T-identity,ALL_THREE_PRESPECIFIED_SEEDS_COMPLETED,target_modality_group,AV,16,17,0.9625686813186813,0.5964952650113701,0.6184329031512479
B-T-identity,ALL_THREE_PRESPECIFIED_SEEDS_COMPLETED,target_modality_group,AV,16,29,0.9625686813186813,0.5919285839008207,0.6130139361817523
B-T-identity,ALL_THREE_PRESPECIFIED_SEEDS_COMPLETED,target_modality_group,AV,16,43,0.9625686813186813,0.5982491053775812,0.6103183570480074
B-T-identity,ALL_THREE_PRESPECIFIED_SEEDS_COMPLETED,target_modality_group,T,16,17,1.0,0.5821244491329252,0.639340677828461
B-T-identity,ALL_THREE_PRESPECIFIED_SEEDS_COMPLETED,target_modality_group,T,16,29,1.0,0.5695125601748866,0.6372074867249833
B-T-identity,ALL_THREE_PRESPECIFIED_SEEDS_COMPLETED,target_modality_group,T,16,43,1.0,0.5896829094586412,0.644072808335455
B-T-identity,ALL_THREE_PRESPECIFIED_SEEDS_COMPLETED,target_modality_group,TA,16,17,0.992445054945055,0.5814410873582336,0.6385017712964627
B-T-identity,ALL_THREE_PRESPECIFIED_SEEDS_COMPLETED,target_modality_group,TA,16,29,0.992445054945055,0.5727287725684092,0.6365266089874057
B-T-identity,ALL_THREE_PRESPECIFIED_SEEDS_COMPLETED,target_modality_group,TA,16,43,0.992445054945055,0.5901939532882132,0.641630720924372
B-T-identity,ALL_THREE_PRESPECIFIED_SEEDS_COMPLETED,target_modality_group,TV,16,17,0.9625686813186813,0.5819578556907797,0.6352105802837056
B-T-identity,ALL_THREE_PRESPECIFIED_SEEDS_COMPLETED,target_modality_group,TV,16,29,0.9625686813186813,0.5721309359827422,0.6342419503933863
B-T-identity,ALL_THREE_PRESPECIFIED_SEEDS_COMPLETED,target_modality_group,TV,16,43,0.9625686813186813,0.5920861077913118,0.6402868485063384
B-T-identity,ALL_THREE_PRESPECIFIED_SEEDS_COMPLETED,target_modality_group,V,16,17,0.9625686813186813,0.5964952650113701,0.6184329031512479
B-T-identity,ALL_THREE_PRESPECIFIED_SEEDS_COMPLETED,target_modality_group,V,16,29,0.9625686813186813,0.5919285839008207,0.6130139361817523
B-T-identity,ALL_THREE_PRESPECIFIED_SEEDS_COMPLETED,target_modality_group,V,16,43,0.9625686813186813,0.5982491053775812,0.6103183570480074
B-T-identity,ALL_THREE_PRESPECIFIED_SEEDS_COMPLETED,nominal_supported_window_fraction,0.1,24,17,0.9809981684981685,0.5915977243759442,0.6217894645266576
B-T-identity,ALL_THREE_PRESPECIFIED_SEEDS_COMPLETED,nominal_supported_window_fraction,0.1,24,29,0.9809981684981685,0.5871822605055982,0.6170272291605509
B-T-identity,ALL_THREE_PRESPECIFIED_SEEDS_COMPLETED,nominal_supported_window_fraction,0.1,24,43,0.9809981684981685,0.5968650371479614,0.6127776236815639
B-T-identity,ALL_THREE_PRESPECIFIED_SEEDS_COMPLETED,nominal_supported_window_fraction,0.3,24,17,0.9809981684981685,0.5890243214837106,0.6233135709973308
B-T-identity,ALL_THREE_PRESPECIFIED_SEEDS_COMPLETED,nominal_supported_window_fraction,0.3,24,29,0.9809981684981685,0.5844441298131607,0.6204900153154821
B-T-identity,ALL_THREE_PRESPECIFIED_SEEDS_COMPLETED,nominal_supported_window_fraction,0.3,24,43,0.9809981684981685,0.5976561312605323,0.6179270961521482
B-T-identity,ALL_THREE_PRESPECIFIED_SEEDS_COMPLETED,nominal_supported_window_fraction,0.5,24,17,0.9809981684981685,0.5888140014132472,0.6267433865748729
B-T-identity,ALL_THREE_PRESPECIFIED_SEEDS_COMPLETED,nominal_supported_window_fraction,0.5,24,29,0.9809981684981685,0.5797894574876582,0.6243949500839778
B-T-identity,ALL_THREE_PRESPECIFIED_SEEDS_COMPLETED,nominal_supported_window_fraction,0.5,24,43,0.9809981684981685,0.5943673353734288,0.6251371720948481
B-T-identity,ALL_THREE_PRESPECIFIED_SEEDS_COMPLETED,nominal_supported_window_fraction,0.7,24,17,0.9720695970695972,0.5872367442044638,0.6403880704811711
B-T-identity,ALL_THREE_PRESPECIFIED_SEEDS_COMPLETED,nominal_supported_window_fraction,0.7,24,29,0.9720695970695972,0.5753561658125829,0.636099708530443
B-T-identity,ALL_THREE_PRESPECIFIED_SEEDS_COMPLETED,nominal_supported_window_fraction,0.7,24,43,0.9720695970695972,0.5889183539986841,0.6487884074463887
B-T-identity,ALL_THREE_PRESPECIFIED_SEEDS_COMPLETED,position,back,24,17,0.9787660256410257,0.5858451678571371,0.6301156505091817
B-T-identity,ALL_THREE_PRESPECIFIED_SEEDS_COMPLETED,position,back,24,29,0.9787660256410257,0.5767078046213806,0.630888156889741
B-T-identity,ALL_THREE_PRESPECIFIED_SEEDS_COMPLETED,position,back,24,43,0.9787660256410257,0.5946760926123105,0.6247937227292694
B-T-identity,ALL_THREE_PRESPECIFIED_SEEDS_COMPLETED,position,front,24,17,0.9787660256410257,0.5844895678288274,0.6331554310601839
B-T-identity,ALL_THREE_PRESPECIFIED_SEEDS_COMPLETED,position,front,24,29,0.9787660256410257,0.5811259644183839,0.6280949865163815
B-T-identity,ALL_THREE_PRESPECIFIED_SEEDS_COMPLETED,position,front,24,43,0.9787660256410257,0.5884769520215279,0.6278615941342324
B-T-identity,ALL_THREE_PRESPECIFIED_SEEDS_COMPLETED,position,middle,24,17,0.9787660256410257,0.595512101313029,0.6226174504790833
B-T-identity,ALL_THREE_PRESPECIFIED_SEEDS_COMPLETED,position,middle,24,29,0.9787660256410257,0.5856108590665755,0.6172083064257394
B-T-identity,ALL_THREE_PRESPECIFIED_SEEDS_COMPLETED,position,middle,24,43,0.9787660256410257,0.5986996941156728,0.6258187646184085
B-T-identity,ALL_THREE_PRESPECIFIED_SEEDS_COMPLETED,position,random,24,17,0.9787660256410257,0.5908259544783722,0.6263459605315835
B-T-identity,ALL_THREE_PRESPECIFIED_SEEDS_COMPLETED,position,random,24,29,0.9787660256410257,0.5833273855126601,0.6218204532585917
B-T-identity,ALL_THREE_PRESPECIFIED_SEEDS_COMPLETED,position,random,24,43,0.9787660256410257,0.5959541190310954,0.6261562178930385
B-T-zscore,ALL_THREE_PRESPECIFIED_SEEDS_COMPLETED,target_modality_group,A,16,17,0.992445054945055,0.5918286157919018,0.6565257609923559
B-T-zscore,ALL_THREE_PRESPECIFIED_SEEDS_COMPLETED,target_modality_group,A,16,29,0.992445054945055,0.5932581274566998,0.6358142077539354
B-T-zscore,ALL_THREE_PRESPECIFIED_SEEDS_COMPLETED,target_modality_group,A,16,43,0.992445054945055,0.6132684170558608,0.6346937360497547
B-T-zscore,ALL_THREE_PRESPECIFIED_SEEDS_COMPLETED,target_modality_group,AV,16,17,0.9625686813186813,0.5918286157919018,0.6565257610332932
B-T-zscore,ALL_THREE_PRESPECIFIED_SEEDS_COMPLETED,target_modality_group,AV,16,29,0.9625686813186813,0.5932581274566998,0.6358142077948726
B-T-zscore,ALL_THREE_PRESPECIFIED_SEEDS_COMPLETED,target_modality_group,AV,16,43,0.9625686813186813,0.6132684170558608,0.6346937359832316
B-T-zscore,ALL_THREE_PRESPECIFIED_SEEDS_COMPLETED,target_modality_group,T,16,17,1.0,0.5714826585889187,0.6884714263014091
B-T-zscore,ALL_THREE_PRESPECIFIED_SEEDS_COMPLETED,target_modality_group,T,16,29,1.0,0.569962501969223,0.6638321488250097
B-T-zscore,ALL_THREE_PRESPECIFIED_SEEDS_COMPLETED,target_modality_group,T,16,43,1.0,0.58317428121538,0.6642482970184054
B-T-zscore,ALL_THREE_PRESPECIFIED_SEEDS_COMPLETED,target_modality_group,TA,16,17,0.992445054945055,0.5732618872639562,0.6885773509087939
B-T-zscore,ALL_THREE_PRESPECIFIED_SEEDS_COMPLETED,target_modality_group,TA,16,29,0.992445054945055,0.5713652178421111,0.6632662232524982
B-T-zscore,ALL_THREE_PRESPECIFIED_SEEDS_COMPLETED,target_modality_group,TA,16,43,0.992445054945055,0.5858524200924288,0.6628463383915517
B-T-zscore,ALL_THREE_PRESPECIFIED_SEEDS_COMPLETED,target_modality_group,TV,16,17,0.9625686813186813,0.575205635888607,0.6877661172836799
B-T-zscore,ALL_THREE_PRESPECIFIED_SEEDS_COMPLETED,target_modality_group,TV,16,29,0.9625686813186813,0.5752106898786549,0.6605575291750838
B-T-zscore,ALL_THREE_PRESPECIFIED_SEEDS_COMPLETED,target_modality_group,TV,16,43,0.9625686813186813,0.5882172887750117,0.6619176431673529
B-T-zscore,ALL_THREE_PRESPECIFIED_SEEDS_COMPLETED,target_modality_group,V,16,17,0.9625686813186813,0.5918286157919018,0.6565257610332932
B-T-zscore,ALL_THREE_PRESPECIFIED_SEEDS_COMPLETED,target_modality_group,V,16,29,0.9625686813186813,0.5932581274566998,0.6358142077948726
B-T-zscore,ALL_THREE_PRESPECIFIED_SEEDS_COMPLETED,target_modality_group,V,16,43,0.9625686813186813,0.6132684170558608,0.6346937359832316
B-T-zscore,ALL_THREE_PRESPECIFIED_SEEDS_COMPLETED,nominal_supported_window_fraction,0.1,24,17,0.9809981684981685,0.5870262904084258,0.6618724957398905
B-T-zscore,ALL_THREE_PRESPECIFIED_SEEDS_COMPLETED,nominal_supported_window_fraction,0.1,24,29,0.9809981684981685,0.5877652781447901,0.6394398630989252
B-T-zscore,ALL_THREE_PRESPECIFIED_SEEDS_COMPLETED,nominal_supported_window_fraction,0.1,24,43,0.9809981684981685,0.6073344251009918,0.6371362236516648
B-T-zscore,ALL_THREE_PRESPECIFIED_SEEDS_COMPLETED,nominal_supported_window_fraction,0.3,24,17,0.9809981684981685,0.5876686376967784,0.6669263006854561
B-T-zscore,ALL_THREE_PRESPECIFIED_SEEDS_COMPLETED,nominal_supported_window_fraction,0.3,24,29,0.9809981684981685,0.5873685256214621,0.6448836015903804
B-T-zscore,ALL_THREE_PRESPECIFIED_SEEDS_COMPLETED,nominal_supported_window_fraction,0.3,24,43,0.9809981684981685,0.6036836921723993,0.643575692551158
B-T-zscore,ALL_THREE_PRESPECIFIED_SEEDS_COMPLETED,nominal_supported_window_fraction,0.5,24,17,0.9809981684981685,0.5797467823577952,0.6747988540900245
B-T-zscore,ALL_THREE_PRESPECIFIED_SEEDS_COMPLETED,nominal_supported_window_fraction,0.5,24,29,0.9809981684981685,0.5794558946432388,0.6512640035684426
B-T-zscore,ALL_THREE_PRESPECIFIED_SEEDS_COMPLETED,nominal_supported_window_fraction,0.5,24,43,0.9809981684981685,0.5938811872909019,0.6500043350654726
B-T-zscore,ALL_THREE_PRESPECIFIED_SEEDS_COMPLETED,nominal_supported_window_fraction,0.7,24,17,0.9720695970695972,0.5758489756151256,0.6859971345198458
B-T-zscore,ALL_THREE_PRESPECIFIED_SEEDS_COMPLETED,nominal_supported_window_fraction,0.7,24,29,0.9720695970695972,0.5762854962972346,0.6611448814731001
B-T-zscore,ALL_THREE_PRESPECIFIED_SEEDS_COMPLETED,nominal_supported_window_fraction,0.7,24,43,0.9720695970695972,0.5931335229359757,0.6646794064607234
B-T-zscore,ALL_THREE_PRESPECIFIED_SEEDS_COMPLETED,position,back,24,17,0.9787660256410257,0.5768428206528505,0.683611426208716
B-T-zscore,ALL_THREE_PRESPECIFIED_SEEDS_COMPLETED,position,back,24,29,0.9787660256410257,0.5747174004808246,0.6500486634452171
B-T-zscore,ALL_THREE_PRESPECIFIED_SEEDS_COMPLETED,position,back,24,43,0.9787660256410257,0.5923782419236783,0.6497221744113644
B-T-zscore,ALL_THREE_PRESPECIFIED_SEEDS_COMPLETED,position,front,24,17,0.9787660256410257,0.5852007303830056,0.6774648687745727
B-T-zscore,ALL_THREE_PRESPECIFIED_SEEDS_COMPLETED,position,front,24,29,0.9787660256410257,0.5821094551489759,0.6527872062032433
B-T-zscore,ALL_THREE_PRESPECIFIED_SEEDS_COMPLETED,position,front,24,43,0.9787660256410257,0.6001235830969815,0.6520311222690204
B-T-zscore,ALL_THREE_PRESPECIFIED_SEEDS_COMPLETED,position,middle,24,17,0.9787660256410257,0.5847774050800562,0.6609918315950444
B-T-zscore,ALL_THREE_PRESPECIFIED_SEEDS_COMPLETED,position,middle,24,29,0.9787660256410257,0.590305476799979,0.6458433409335314
B-T-zscore,ALL_THREE_PRESPECIFIED_SEEDS_COMPLETED,position,middle,24,43,0.9787660256410257,0.6055702526837438,0.645608829121923
B-T-zscore,ALL_THREE_PRESPECIFIED_SEEDS_COMPLETED,position,random,24,17,0.9787660256410257,0.5834697299622128,0.6675266584568837
B-T-zscore,ALL_THREE_PRESPECIFIED_SEEDS_COMPLETED,position,random,24,29,0.9787660256410257,0.583742862276946,0.6480531391488565
B-T-zscore,ALL_THREE_PRESPECIFIED_SEEDS_COMPLETED,position,random,24,43,0.9787660256410257,0.5999607497958649,0.648033531926711
B-V-identity,ALL_THREE_PRESPECIFIED_SEEDS_COMPLETED,target_modality_group,A,16,17,0.992445054945055,0.37147686010083597,0.7893209884257905
B-V-identity,ALL_THREE_PRESPECIFIED_SEEDS_COMPLETED,target_modality_group,A,16,29,0.992445054945055,0.3534081312391026,0.7920545887747001
B-V-identity,ALL_THREE_PRESPECIFIED_SEEDS_COMPLETED,target_modality_group,A,16,43,0.992445054945055,0.37325908057615376,0.7837403900053027
B-V-identity,ALL_THREE_PRESPECIFIED_SEEDS_COMPLETED,target_modality_group,AV,16,17,0.9625686813186813,0.36107155433405197,0.7973176729898787
B-V-identity,ALL_THREE_PRESPECIFIED_SEEDS_COMPLETED,target_modality_group,AV,16,29,0.9625686813186813,0.35618567791951133,0.7944753662359489
B-V-identity,ALL_THREE_PRESPECIFIED_SEEDS_COMPLETED,target_modality_group,AV,16,43,0.9625686813186813,0.3725355833769784,0.790027331976306
B-V-identity,ALL_THREE_PRESPECIFIED_SEEDS_COMPLETED,target_modality_group,T,16,17,1.0,0.37147686010083597,0.789320988586981
B-V-identity,ALL_THREE_PRESPECIFIED_SEEDS_COMPLETED,target_modality_group,T,16,29,1.0,0.3534081312391026,0.7920545889051877
B-V-identity,ALL_THREE_PRESPECIFIED_SEEDS_COMPLETED,target_modality_group,T,16,43,1.0,0.37325908057615376,0.7837403899618068
B-V-identity,ALL_THREE_PRESPECIFIED_SEEDS_COMPLETED,target_modality_group,TA,16,17,0.992445054945055,0.37147686010083597,0.7893209884257905
B-V-identity,ALL_THREE_PRESPECIFIED_SEEDS_COMPLETED,target_modality_group,TA,16,29,0.992445054945055,0.3534081312391026,0.7920545887747001
B-V-identity,ALL_THREE_PRESPECIFIED_SEEDS_COMPLETED,target_modality_group,TA,16,43,0.992445054945055,0.37325908057615376,0.7837403900053027
B-V-identity,ALL_THREE_PRESPECIFIED_SEEDS_COMPLETED,target_modality_group,TV,16,17,0.9625686813186813,0.35980679993160813,0.7972046330152387
B-V-identity,ALL_THREE_PRESPECIFIED_SEEDS_COMPLETED,target_modality_group,TV,16,29,0.9625686813186813,0.35616731532825635,0.7943889676248729
B-V-identity,ALL_THREE_PRESPECIFIED_SEEDS_COMPLETED,target_modality_group,TV,16,43,0.9625686813186813,0.3717569931236269,0.7901016057292196
B-V-identity,ALL_THREE_PRESPECIFIED_SEEDS_COMPLETED,target_modality_group,V,16,17,0.9625686813186813,0.3600825286361553,0.7969413966770961
B-V-identity,ALL_THREE_PRESPECIFIED_SEEDS_COMPLETED,target_modality_group,V,16,29,0.9625686813186813,0.35598365034800994,0.7942460276927661
B-V-identity,ALL_THREE_PRESPECIFIED_SEEDS_COMPLETED,target_modality_group,V,16,43,0.9625686813186813,0.3722542817232972,0.789931477460117
B-V-identity,ALL_THREE_PRESPECIFIED_SEEDS_COMPLETED,nominal_supported_window_fraction,0.1,24,17,0.9809981684981685,0.3690979765766928,0.7901086390706845
B-V-identity,ALL_THREE_PRESPECIFIED_SEEDS_COMPLETED,nominal_supported_window_fraction,0.1,24,29,0.9809981684981685,0.3542958382019536,0.7916741727661116
B-V-identity,ALL_THREE_PRESPECIFIED_SEEDS_COMPLETED,nominal_supported_window_fraction,0.1,24,43,0.9809981684981685,0.3722311263837517,0.7839155452446268
B-V-identity,ALL_THREE_PRESPECIFIED_SEEDS_COMPLETED,nominal_supported_window_fraction,0.3,24,17,0.9809981684981685,0.36461822549656414,0.7919525796581687
B-V-identity,ALL_THREE_PRESPECIFIED_SEEDS_COMPLETED,nominal_supported_window_fraction,0.3,24,29,0.9809981684981685,0.3535417137378911,0.7925122203976236
B-V-identity,ALL_THREE_PRESPECIFIED_SEEDS_COMPLETED,nominal_supported_window_fraction,0.3,24,43,0.9809981684981685,0.37174344589231145,0.7857340993438174
B-V-identity,ALL_THREE_PRESPECIFIED_SEEDS_COMPLETED,nominal_supported_window_fraction,0.5,24,17,0.9809981684981685,0.3649875208486158,0.7934632899908673
B-V-identity,ALL_THREE_PRESPECIFIED_SEEDS_COMPLETED,nominal_supported_window_fraction,0.5,24,29,0.9809981684981685,0.3538284284153614,0.7929283059676981
B-V-identity,ALL_THREE_PRESPECIFIED_SEEDS_COMPLETED,nominal_supported_window_fraction,0.5,24,43,0.9809981684981685,0.37437912485596425,0.7875009811851093
B-V-identity,ALL_THREE_PRESPECIFIED_SEEDS_COMPLETED,nominal_supported_window_fraction,0.7,24,17,0.9720695970695972,0.3648905858810095,0.7974266033607963
B-V-identity,ALL_THREE_PRESPECIFIED_SEEDS_COMPLETED,nominal_supported_window_fraction,0.7,24,29,0.9720695970695972,0.3573747111868508,0.7957347195406839
B-V-identity,ALL_THREE_PRESPECIFIED_SEEDS_COMPLETED,nominal_supported_window_fraction,0.7,24,43,0.9720695970695972,0.37252903616954836,0.7903704309851497
B-V-identity,ALL_THREE_PRESPECIFIED_SEEDS_COMPLETED,position,back,24,17,0.9787660256410257,0.3597080414947746,0.7969020964199763
B-V-identity,ALL_THREE_PRESPECIFIED_SEEDS_COMPLETED,position,back,24,29,0.9787660256410257,0.353882431524051,0.7954618252820732
B-V-identity,ALL_THREE_PRESPECIFIED_SEEDS_COMPLETED,position,back,24,43,0.9787660256410257,0.37690150748561146,0.7895048240655979
B-V-identity,ALL_THREE_PRESPECIFIED_SEEDS_COMPLETED,position,front,24,17,0.9787660256410257,0.3681986557543206,0.7918481181647651
B-V-identity,ALL_THREE_PRESPECIFIED_SEEDS_COMPLETED,position,front,24,29,0.9787660256410257,0.3574440014555211,0.7933236323866307
B-V-identity,ALL_THREE_PRESPECIFIED_SEEDS_COMPLETED,position,front,24,43,0.9787660256410257,0.36950771363827517,0.7862451342844863
B-V-identity,ALL_THREE_PRESPECIFIED_SEEDS_COMPLETED,position,middle,24,17,0.9787660256410257,0.370256363609716,0.7914358329331802
B-V-identity,ALL_THREE_PRESPECIFIED_SEEDS_COMPLETED,position,middle,24,29,0.9787660256410257,0.35340122360179094,0.7911287671250338
B-V-identity,ALL_THREE_PRESPECIFIED_SEEDS_COMPLETED,position,middle,24,43,0.9787660256410257,0.3717493852131837,0.7850326558290339
B-V-identity,ALL_THREE_PRESPECIFIED_SEEDS_COMPLETED,position,random,24,17,0.9787660256410257,0.36543124794407117,0.7927650645625951
B-V-identity,ALL_THREE_PRESPECIFIED_SEEDS_COMPLETED,position,random,24,29,0.9787660256410257,0.35431303496069383,0.7929351938783795
B-V-identity,ALL_THREE_PRESPECIFIED_SEEDS_COMPLETED,position,random,24,43,0.9787660256410257,0.37272412696450546,0.7867384425795853
B-V-zscore,ALL_THREE_PRESPECIFIED_SEEDS_COMPLETED,target_modality_group,A,16,17,0.992445054945055,0.4103916170594723,0.7826655977090582
B-V-zscore,ALL_THREE_PRESPECIFIED_SEEDS_COMPLETED,target_modality_group,A,16,29,0.992445054945055,0.36946210878823377,0.7712189135310217
B-V-zscore,ALL_THREE_PRESPECIFIED_SEEDS_COMPLETED,target_modality_group,A,16,43,0.992445054945055,0.37615514446616877,0.7686148753374045
B-V-zscore,ALL_THREE_PRESPECIFIED_SEEDS_COMPLETED,target_modality_group,AV,16,17,0.9625686813186813,0.39644707963331216,0.7898184567374078
B-V-zscore,ALL_THREE_PRESPECIFIED_SEEDS_COMPLETED,target_modality_group,AV,16,29,0.9625686813186813,0.37178532612197673,0.777174585631629
B-V-zscore,ALL_THREE_PRESPECIFIED_SEEDS_COMPLETED,target_modality_group,AV,16,43,0.9625686813186813,0.3636499571898868,0.7753872045769297
B-V-zscore,ALL_THREE_PRESPECIFIED_SEEDS_COMPLETED,target_modality_group,T,16,17,1.0,0.4103916170594723,0.7826655979572403
B-V-zscore,ALL_THREE_PRESPECIFIED_SEEDS_COMPLETED,target_modality_group,T,16,29,1.0,0.36946210878823377,0.7712189134030928
B-V-zscore,ALL_THREE_PRESPECIFIED_SEEDS_COMPLETED,target_modality_group,T,16,43,1.0,0.37615514446616877,0.768614875370666
B-V-zscore,ALL_THREE_PRESPECIFIED_SEEDS_COMPLETED,target_modality_group,TA,16,17,0.992445054945055,0.4103916170594723,0.7826655977090582
B-V-zscore,ALL_THREE_PRESPECIFIED_SEEDS_COMPLETED,target_modality_group,TA,16,29,0.992445054945055,0.36946210878823377,0.7712189135310217
B-V-zscore,ALL_THREE_PRESPECIFIED_SEEDS_COMPLETED,target_modality_group,TA,16,43,0.992445054945055,0.37615514446616877,0.7686148753374045
B-V-zscore,ALL_THREE_PRESPECIFIED_SEEDS_COMPLETED,target_modality_group,TV,16,17,0.9625686813186813,0.3965141229113087,0.7902622694366286
B-V-zscore,ALL_THREE_PRESPECIFIED_SEEDS_COMPLETED,target_modality_group,TV,16,29,0.9625686813186813,0.371130926243194,0.7771814557686162
B-V-zscore,ALL_THREE_PRESPECIFIED_SEEDS_COMPLETED,target_modality_group,TV,16,43,0.9625686813186813,0.36291765358957434,0.7751724501953431
B-V-zscore,ALL_THREE_PRESPECIFIED_SEEDS_COMPLETED,target_modality_group,V,16,17,0.9625686813186813,0.39658045626431865,0.7901585345293342
B-V-zscore,ALL_THREE_PRESPECIFIED_SEEDS_COMPLETED,target_modality_group,V,16,29,0.9625686813186813,0.3710740461751472,0.7770769219304094
B-V-zscore,ALL_THREE_PRESPECIFIED_SEEDS_COMPLETED,target_modality_group,V,16,43,0.9625686813186813,0.36310986293716047,0.77511226900302
B-V-zscore,ALL_THREE_PRESPECIFIED_SEEDS_COMPLETED,nominal_supported_window_fraction,0.1,24,17,0.9809981684981685,0.40784724590623433,0.7832272872587659
B-V-zscore,ALL_THREE_PRESPECIFIED_SEEDS_COMPLETED,nominal_supported_window_fraction,0.1,24,29,0.9809981684981685,0.3677944608869412,0.7716028372785982
B-V-zscore,ALL_THREE_PRESPECIFIED_SEEDS_COMPLETED,nominal_supported_window_fraction,0.1,24,43,0.9809981684981685,0.37429032623240915,0.7688219403777806
B-V-zscore,ALL_THREE_PRESPECIFIED_SEEDS_COMPLETED,nominal_supported_window_fraction,0.3,24,17,0.9809981684981685,0.40351335347354694,0.7847272009744829
B-V-zscore,ALL_THREE_PRESPECIFIED_SEEDS_COMPLETED,nominal_supported_window_fraction,0.3,24,29,0.9809981684981685,0.3670875271038249,0.7734831329936033
B-V-zscore,ALL_THREE_PRESPECIFIED_SEEDS_COMPLETED,nominal_supported_window_fraction,0.3,24,43,0.9809981684981685,0.3693414804355273,0.7708293445346507
B-V-zscore,ALL_THREE_PRESPECIFIED_SEEDS_COMPLETED,nominal_supported_window_fraction,0.5,24,17,0.9809981684981685,0.40150432386928886,0.7870348616778089
B-V-zscore,ALL_THREE_PRESPECIFIED_SEEDS_COMPLETED,nominal_supported_window_fraction,0.5,24,29,0.9809981684981685,0.37259284184138136,0.7747234078309484
B-V-zscore,ALL_THREE_PRESPECIFIED_SEEDS_COMPLETED,nominal_supported_window_fraction,0.5,24,43,0.9809981684981685,0.3685130147752497,0.7721356125888849
B-V-zscore,ALL_THREE_PRESPECIFIED_SEEDS_COMPLETED,nominal_supported_window_fraction,0.7,24,17,0.9720695970695972,0.40094608340916743,0.7905013528080941
B-V-zscore,ALL_THREE_PRESPECIFIED_SEEDS_COMPLETED,nominal_supported_window_fraction,0.7,24,29,0.9720695970695972,0.37410958677119877,0.7769170910940439
B-V-zscore,ALL_THREE_PRESPECIFIED_SEEDS_COMPLETED,nominal_supported_window_fraction,0.7,24,43,0.9720695970695972,0.3666171166335657,0.7758908023791956
B-V-zscore,ALL_THREE_PRESPECIFIED_SEEDS_COMPLETED,position,back,24,17,0.9787660256410257,0.40389241236517265,0.7877532845544746
B-V-zscore,ALL_THREE_PRESPECIFIED_SEEDS_COMPLETED,position,back,24,29,0.9787660256410257,0.3727477291077455,0.775255846083629
B-V-zscore,ALL_THREE_PRESPECIFIED_SEEDS_COMPLETED,position,back,24,43,0.9787660256410257,0.37099922882830266,0.7732498376811172
B-V-zscore,ALL_THREE_PRESPECIFIED_SEEDS_COMPLETED,position,front,24,17,0.9787660256410257,0.4020413363193341,0.7879562170013469
B-V-zscore,ALL_THREE_PRESPECIFIED_SEEDS_COMPLETED,position,front,24,29,0.9787660256410257,0.36797362448658816,0.7755939339078441
B-V-zscore,ALL_THREE_PRESPECIFIED_SEEDS_COMPLETED,position,front,24,43,0.9787660256410257,0.36918030657444206,0.7726891238130237
B-V-zscore,ALL_THREE_PRESPECIFIED_SEEDS_COMPLETED,position,middle,24,17,0.9787660256410257,0.4022411555100654,0.7841830922230663
B-V-zscore,ALL_THREE_PRESPECIFIED_SEEDS_COMPLETED,position,middle,24,29,0.9787660256410257,0.36953377088070605,0.7723227874543853
B-V-zscore,ALL_THREE_PRESPECIFIED_SEEDS_COMPLETED,position,middle,24,43,0.9787660256410257,0.3685264698617557,0.7700943710865747
B-V-zscore,ALL_THREE_PRESPECIFIED_SEEDS_COMPLETED,position,random,24,17,0.9787660256410257,0.40563610246366544,0.7855981089402638
B-V-zscore,ALL_THREE_PRESPECIFIED_SEEDS_COMPLETED,position,random,24,29,0.9787660256410257,0.3713292921283064,0.7735539017513354
B-V-zscore,ALL_THREE_PRESPECIFIED_SEEDS_COMPLETED,position,random,24,43,0.9787660256410257,0.37005593281225146,0.7716443672997961
C0-zscore,ALL_THREE_PRESPECIFIED_SEEDS_COMPLETED,target_modality_group,A,16,17,0.992445054945055,0.5832516504740732,0.626315268921724
C0-zscore,ALL_THREE_PRESPECIFIED_SEEDS_COMPLETED,target_modality_group,A,16,29,0.992445054945055,0.5967769933960602,0.6443854283554886
C0-zscore,ALL_THREE_PRESPECIFIED_SEEDS_COMPLETED,target_modality_group,A,16,43,0.992445054945055,0.5895387064819533,0.6380530675423737
C0-zscore,ALL_THREE_PRESPECIFIED_SEEDS_COMPLETED,target_modality_group,AV,16,17,0.9625686813186813,0.582354849439333,0.6249251695073572
C0-zscore,ALL_THREE_PRESPECIFIED_SEEDS_COMPLETED,target_modality_group,AV,16,29,0.9625686813186813,0.5957043245717181,0.6415137448314291
C0-zscore,ALL_THREE_PRESPECIFIED_SEEDS_COMPLETED,target_modality_group,AV,16,43,0.9625686813186813,0.5877688224308616,0.6707434528707248
C0-zscore,ALL_THREE_PRESPECIFIED_SEEDS_COMPLETED,target_modality_group,T,16,17,1.0,0.5797704620209098,0.6403548293173527
C0-zscore,ALL_THREE_PRESPECIFIED_SEEDS_COMPLETED,target_modality_group,T,16,29,1.0,0.5809691312248618,0.6621364370172699
C0-zscore,ALL_THREE_PRESPECIFIED_SEEDS_COMPLETED,target_modality_group,T,16,43,1.0,0.5797018931123302,0.6356151780521812
C0-zscore,ALL_THREE_PRESPECIFIED_SEEDS_COMPLETED,target_modality_group,TA,16,17,0.992445054945055,0.5798515910723752,0.645778431289511
C0-zscore,ALL_THREE_PRESPECIFIED_SEEDS_COMPLETED,target_modality_group,TA,16,29,0.992445054945055,0.5807099079307311,0.6639067224466952
C0-zscore,ALL_THREE_PRESPECIFIED_SEEDS_COMPLETED,target_modality_group,TA,16,43,0.992445054945055,0.5782609873560118,0.6337979247169282
C0-zscore,ALL_THREE_PRESPECIFIED_SEEDS_COMPLETED,target_modality_group,TV,16,17,0.9625686813186813,0.5805387239864191,0.6384685094357564
C0-zscore,ALL_THREE_PRESPECIFIED_SEEDS_COMPLETED,target_modality_group,TV,16,29,0.9625686813186813,0.5783487412780136,0.6619133123691167
C0-zscore,ALL_THREE_PRESPECIFIED_SEEDS_COMPLETED,target_modality_group,TV,16,43,0.9625686813186813,0.5789403792774376,0.6310060456034323
C0-zscore,ALL_THREE_PRESPECIFIED_SEEDS_COMPLETED,target_modality_group,V,16,17,0.9625686813186813,0.5767994167651321,0.6257208212372971
C0-zscore,ALL_THREE_PRESPECIFIED_SEEDS_COMPLETED,target_modality_group,V,16,29,0.9625686813186813,0.5940122455947681,0.639281169335782
C0-zscore,ALL_THREE_PRESPECIFIED_SEEDS_COMPLETED,target_modality_group,V,16,43,0.9625686813186813,0.592971601628464,0.6355006962026065
C0-zscore,ALL_THREE_PRESPECIFIED_SEEDS_COMPLETED,nominal_supported_window_fraction,0.1,24,17,0.9809981684981685,0.577000039929907,0.6262896452114654
C0-zscore,ALL_THREE_PRESPECIFIED_SEEDS_COMPLETED,nominal_supported_window_fraction,0.1,24,29,0.9809981684981685,0.5949522897416659,0.6433815661028779
C0-zscore,ALL_THREE_PRESPECIFIED_SEEDS_COMPLETED,nominal_supported_window_fraction,0.1,24,43,0.9809981684981685,0.5911547183371916,0.6200557500321245
C0-zscore,ALL_THREE_PRESPECIFIED_SEEDS_COMPLETED,nominal_supported_window_fraction,0.3,24,17,0.9809981684981685,0.5836311217912021,0.6298122216267297
C0-zscore,ALL_THREE_PRESPECIFIED_SEEDS_COMPLETED,nominal_supported_window_fraction,0.3,24,29,0.9809981684981685,0.5906517247479636,0.6477000203181872
C0-zscore,ALL_THREE_PRESPECIFIED_SEEDS_COMPLETED,nominal_supported_window_fraction,0.3,24,43,0.9809981684981685,0.5881044692378989,0.6300831292034635
C0-zscore,ALL_THREE_PRESPECIFIED_SEEDS_COMPLETED,nominal_supported_window_fraction,0.5,24,17,0.9809981684981685,0.5830496347516432,0.6345582208131961
C0-zscore,ALL_THREE_PRESPECIFIED_SEEDS_COMPLETED,nominal_supported_window_fraction,0.5,24,29,0.9809981684981685,0.5850269125905792,0.6522353961447799
C0-zscore,ALL_THREE_PRESPECIFIED_SEEDS_COMPLETED,nominal_supported_window_fraction,0.5,24,43,0.9809981684981685,0.5823683226939504,0.6436913040391711
C0-zscore,ALL_THREE_PRESPECIFIED_SEEDS_COMPLETED,nominal_supported_window_fraction,0.7,24,17,0.9720695970695972,0.5780303326994093,0.643715265487941
C0-zscore,ALL_THREE_PRESPECIFIED_SEEDS_COMPLETED,nominal_supported_window_fraction,0.7,24,29,0.9720695970695972,0.5803833022505598,0.6654408936713428
C0-zscore,ALL_THREE_PRESPECIFIED_SEEDS_COMPLETED,nominal_supported_window_fraction,0.7,24,43,0.9720695970695972,0.5764940832556646,0.6693140600507386
C0-zscore,ALL_THREE_PRESPECIFIED_SEEDS_COMPLETED,position,back,24,17,0.9787660256410257,0.5753799456446217,0.6364394989900924
C0-zscore,ALL_THREE_PRESPECIFIED_SEEDS_COMPLETED,position,back,24,29,0.9787660256410257,0.5844852001384181,0.6547513262889996
C0-zscore,ALL_THREE_PRESPECIFIED_SEEDS_COMPLETED,position,back,24,43,0.9787660256410257,0.581518191124669,0.6414416261532463
C0-zscore,ALL_THREE_PRESPECIFIED_SEEDS_COMPLETED,position,front,24,17,0.9787660256410257,0.578182292767412,0.6374524988112458
C0-zscore,ALL_THREE_PRESPECIFIED_SEEDS_COMPLETED,position,front,24,29,0.9787660256410257,0.5855503694861812,0.6577306910216459
C0-zscore,ALL_THREE_PRESPECIFIED_SEEDS_COMPLETED,position,front,24,43,0.9787660256410257,0.5827652295433255,0.6430010776700158
C0-zscore,ALL_THREE_PRESPECIFIED_SEEDS_COMPLETED,position,middle,24,17,0.9787660256410257,0.5868449894076939,0.6281758501735677
C0-zscore,ALL_THREE_PRESPECIFIED_SEEDS_COMPLETED,position,middle,24,29,0.9787660256410257,0.5928772463431226,0.6454208753867724
C0-zscore,ALL_THREE_PRESPECIFIED_SEEDS_COMPLETED,position,middle,24,43,0.9787660256410257,0.5893452826772653,0.637743202017061
C0-zscore,ALL_THREE_PRESPECIFIED_SEEDS_COMPLETED,position,random,24,17,0.9787660256410257,0.5813039013524341,0.6323075051644264
C0-zscore,ALL_THREE_PRESPECIFIED_SEEDS_COMPLETED,position,random,24,29,0.9787660256410257,0.5881014133630468,0.6508549835397699
C0-zscore,ALL_THREE_PRESPECIFIED_SEEDS_COMPLETED,position,random,24,43,0.9787660256410257,0.5844928901794458,0.6409583374851746
R0-zscore,ALL_THREE_PRESPECIFIED_SEEDS_COMPLETED,target_modality_group,A,16,17,0.992445054945055,0.5789322319142848,0.6330619024438886
R0-zscore,ALL_THREE_PRESPECIFIED_SEEDS_COMPLETED,target_modality_group,A,16,29,0.992445054945055,0.5898226860239926,0.6414555914288573
R0-zscore,ALL_THREE_PRESPECIFIED_SEEDS_COMPLETED,target_modality_group,A,16,43,0.992445054945055,0.589552847235649,0.6321742223459103
R0-zscore,ALL_THREE_PRESPECIFIED_SEEDS_COMPLETED,target_modality_group,AV,16,17,0.9625686813186813,0.5807954247796194,0.6320823099492369
R0-zscore,ALL_THREE_PRESPECIFIED_SEEDS_COMPLETED,target_modality_group,AV,16,29,0.9625686813186813,0.5883174759784658,0.6398650004933124
R0-zscore,ALL_THREE_PRESPECIFIED_SEEDS_COMPLETED,target_modality_group,AV,16,43,0.9625686813186813,0.5919197175748497,0.6504524846083132
R0-zscore,ALL_THREE_PRESPECIFIED_SEEDS_COMPLETED,target_modality_group,T,16,17,1.0,0.5758083724809899,0.6421084254419799
R0-zscore,ALL_THREE_PRESPECIFIED_SEEDS_COMPLETED,target_modality_group,T,16,29,1.0,0.5751483097577859,0.6573156155758585
R0-zscore,ALL_THREE_PRESPECIFIED_SEEDS_COMPLETED,target_modality_group,T,16,43,1.0,0.5765134350327032,0.637987118779878
R0-zscore,ALL_THREE_PRESPECIFIED_SEEDS_COMPLETED,target_modality_group,TA,16,17,0.992445054945055,0.577476851729394,0.6449972955975954
R0-zscore,ALL_THREE_PRESPECIFIED_SEEDS_COMPLETED,target_modality_group,TA,16,29,0.992445054945055,0.5758886889298724,0.6605937789460531
R0-zscore,ALL_THREE_PRESPECIFIED_SEEDS_COMPLETED,target_modality_group,TA,16,43,0.992445054945055,0.577623973174147,0.6427083062915553
R0-zscore,ALL_THREE_PRESPECIFIED_SEEDS_COMPLETED,target_modality_group,TV,16,17,0.9625686813186813,0.5775517114335502,0.6416917431068734
R0-zscore,ALL_THREE_PRESPECIFIED_SEEDS_COMPLETED,target_modality_group,TV,16,29,0.9625686813186813,0.5713270984335445,0.6534696511504953
R0-zscore,ALL_THREE_PRESPECIFIED_SEEDS_COMPLETED,target_modality_group,TV,16,43,0.9625686813186813,0.5780674105321869,0.6421660905432259
R0-zscore,ALL_THREE_PRESPECIFIED_SEEDS_COMPLETED,target_modality_group,V,16,17,0.9625686813186813,0.5819074880959474,0.6320700456419265
R0-zscore,ALL_THREE_PRESPECIFIED_SEEDS_COMPLETED,target_modality_group,V,16,29,0.9625686813186813,0.5858352752255361,0.636689074614382
R0-zscore,ALL_THREE_PRESPECIFIED_SEEDS_COMPLETED,target_modality_group,V,16,43,0.9625686813186813,0.5970727303920611,0.6338985338339432
R0-zscore,ALL_THREE_PRESPECIFIED_SEEDS_COMPLETED,nominal_supported_window_fraction,0.1,24,17,0.9809981684981685,0.5785274733888576,0.6330019398703239
R0-zscore,ALL_THREE_PRESPECIFIED_SEEDS_COMPLETED,nominal_supported_window_fraction,0.1,24,29,0.9809981684981685,0.5850152532155505,0.638285632673469
R0-zscore,ALL_THREE_PRESPECIFIED_SEEDS_COMPLETED,nominal_supported_window_fraction,0.1,24,43,0.9809981684981685,0.596085563139302,0.6240615209374997
R0-zscore,ALL_THREE_PRESPECIFIED_SEEDS_COMPLETED,nominal_supported_window_fraction,0.3,24,17,0.9809981684981685,0.5818794737671921,0.6355880692394155
R0-zscore,ALL_THREE_PRESPECIFIED_SEEDS_COMPLETED,nominal_supported_window_fraction,0.3,24,29,0.9809981684981685,0.5826953957608644,0.6442647148955069
R0-zscore,ALL_THREE_PRESPECIFIED_SEEDS_COMPLETED,nominal_supported_window_fraction,0.3,24,43,0.9809981684981685,0.5904422757628258,0.632687950803828
R0-zscore,ALL_THREE_PRESPECIFIED_SEEDS_COMPLETED,nominal_supported_window_fraction,0.5,24,17,0.9809981684981685,0.5799727471912455,0.6388446209948109
R0-zscore,ALL_THREE_PRESPECIFIED_SEEDS_COMPLETED,nominal_supported_window_fraction,0.5,24,29,0.9809981684981685,0.5807646110498549,0.6489608072031362
R0-zscore,ALL_THREE_PRESPECIFIED_SEEDS_COMPLETED,nominal_supported_window_fraction,0.5,24,43,0.9809981684981685,0.5810859084564738,0.6427557687345938
R0-zscore,ALL_THREE_PRESPECIFIED_SEEDS_COMPLETED,nominal_supported_window_fraction,0.7,24,17,0.9720695970695972,0.5746016926085621,0.6432398513497835
R0-zscore,ALL_THREE_PRESPECIFIED_SEEDS_COMPLETED,nominal_supported_window_fraction,0.7,24,29,0.9720695970695972,0.5757510962065284,0.6614146533671935
R0-zscore,ALL_THREE_PRESPECIFIED_SEEDS_COMPLETED,nominal_supported_window_fraction,0.7,24,43,0.9720695970695972,0.5728863286024629,0.6600859304592958
R0-zscore,ALL_THREE_PRESPECIFIED_SEEDS_COMPLETED,position,back,24,17,0.9787660256410257,0.5735037925179536,0.6400553339724852
R0-zscore,ALL_THREE_PRESPECIFIED_SEEDS_COMPLETED,position,back,24,29,0.9787660256410257,0.5792690830645761,0.6516190434758689
R0-zscore,ALL_THREE_PRESPECIFIED_SEEDS_COMPLETED,position,back,24,43,0.9787660256410257,0.5862485682813772,0.637174327901688
R0-zscore,ALL_THREE_PRESPECIFIED_SEEDS_COMPLETED,position,front,24,17,0.9787660256410257,0.5778565312411271,0.6432114076894219
R0-zscore,ALL_THREE_PRESPECIFIED_SEEDS_COMPLETED,position,front,24,29,0.9787660256410257,0.5780394282686533,0.6509325668749948
R0-zscore,ALL_THREE_PRESPECIFIED_SEEDS_COMPLETED,position,front,24,43,0.9787660256410257,0.5833742267539664,0.6463620268189519
R0-zscore,ALL_THREE_PRESPECIFIED_SEEDS_COMPLETED,position,middle,24,17,0.9787660256410257,0.5843893738424416,0.631476822561649
R0-zscore,ALL_THREE_PRESPECIFIED_SEEDS_COMPLETED,position,middle,24,29,0.9787660256410257,0.584911043572208,0.6428313253117077
R0-zscore,ALL_THREE_PRESPECIFIED_SEEDS_COMPLETED,position,middle,24,43,0.9787660256410257,0.5853101311451822,0.6365942471673627
R0-zscore,ALL_THREE_PRESPECIFIED_SEEDS_COMPLETED,position,random,24,17,0.9787660256410257,0.5792316893543349,0.6359309172307775
R0-zscore,ALL_THREE_PRESPECIFIED_SEEDS_COMPLETED,position,random,24,29,0.9787660256410257,0.5820068013273607,0.6475428724767344
R0-zscore,ALL_THREE_PRESPECIFIED_SEEDS_COMPLETED,position,random,24,43,0.9787660256410257,0.5855671497805389,0.6394605690472147
