trial_id,recipe,seed,fit_status,epoch,selected_epoch,early_stop,checkpoint_saved,train_metric_scope,train_samples,valid_supervised_loss,learning_rate,train_seconds,validation_seconds,epoch_seconds,total_elapsed_seconds,train_loss_CE,train_loss_weighted_CE,train_loss_MAE,train_loss_KD,train_loss_total,train_online_Accuracy,train_online_macro_F1,train_online_MAE,train_online_Pearson,train_online_Pearson_reason,clean_valid_Accuracy,clean_valid_macro_F1,clean_valid_MAE,clean_valid_Pearson,clean_valid_Pearson_reason,corruption_rows,corruption_clean_requested,corruption_eligible,corruption_ineligible
M1-s17,M1,17,COMPLETED,1,1,False,True,ONLINE_PRE_UPDATE_CURRENT_VIEW_DIAGNOSTIC_NOT_CHECKPOINT_EVALUATION,3395,1.0164130926132202,0.001,3.6123548000032315,0.3131487999999081,3.967813000002934,5.7810000000026776,0.8285979706689781,0.8285979706689781,0.6899011775039258,0.0,1.0585650389956445,0.6273932253313697,0.5529498005157989,0.6899011777121703,0.5945139601969707,,0.6510989010989011,0.5922960355608652,0.6320526950159826,0.6530154915920238,,3395,3395,0,0
M1-s17,M1,17,COMPLETED,2,2,False,True,ONLINE_PRE_UPDATE_CURRENT_VIEW_DIAGNOSTIC_NOT_CHECKPOINT_EVALUATION,3395,1.0130834579467773,0.001,3.37807160000375,0.2924516000057338,3.7152587000018684,9.671999999998661,0.6812522058107716,0.6812522058107716,0.5764011978400825,0.0,0.8733859484255402,0.7033873343151694,0.654627942516855,0.5764011947925385,0.7244018351677602,,0.6456043956043956,0.6018975285071843,0.6055190478743228,0.6494601286237077,,3395,3395,0,0
M1-s17,M1,17,COMPLETED,3,2,False,False,ONLINE_PRE_UPDATE_CURRENT_VIEW_DIAGNOSTIC_NOT_CHECKPOINT_EVALUATION,3395,1.044785737991333,0.001,3.3569203000006382,0.30123489999823505,3.6770632000043406,13.51600000000326,0.5924800016216396,0.5924800016216396,0.5263017640746745,0.0,0.7679139255950658,0.750220913107511,0.7122178810790015,0.5263017616598539,0.7691710857612485,,0.6277472527472527,0.5832861600732903,0.6079223796139679,0.6587645841904104,,3395,3395,0,0
M1-s17,M1,17,COMPLETED,4,2,False,False,ONLINE_PRE_UPDATE_CURRENT_VIEW_DIAGNOSTIC_NOT_CHECKPOINT_EVALUATION,3395,1.0987744331359863,0.001,3.330813599997782,0.3296323000031407,3.6783617999972194,17.375,0.4975106500648785,0.4975106500648785,0.48490945132386176,0.0,0.6591471398701899,0.801178203240059,0.772646037300276,0.48490945028911986,0.8031105032791677,,0.6167582417582418,0.5837046939399034,0.5957639320733685,0.6549890734489088,,3395,3395,0,0
M1-s17,M1,17,COMPLETED,5,2,False,False,ONLINE_PRE_UPDATE_CURRENT_VIEW_DIAGNOSTIC_NOT_CHECKPOINT_EVALUATION,3395,1.3074318170547485,0.001,3.407753199993749,0.2897523999999976,3.7164568999942276,21.235000000000582,0.36988187185399485,0.36988187185399485,0.44720644880640315,0.0,0.5189506933597823,0.8512518409425626,0.8322076437515479,0.4472064479158174,0.8330381064853587,,0.5975274725274725,0.5706752455471888,0.62491037496743,0.620456090188061,,3395,3395,0,0
M1-s17,M1,17,COMPLETED,6,2,False,False,ONLINE_PRE_UPDATE_CURRENT_VIEW_DIAGNOSTIC_NOT_CHECKPOINT_EVALUATION,3395,1.5462712049484253,0.001,3.3439330000037444,0.2910055000029388,3.6533471000002464,25.06300000000192,0.2602769843520753,0.2602769843520753,0.413209332949283,0.0,0.3980134334409711,0.9019145802650957,0.8892804592407018,0.4132093317475477,0.8554301648898763,,0.6098901098901099,0.5834056422276327,0.6611298918685682,0.6126994486614484,,3395,3395,0,0
M1-s17,M1,17,COMPLETED,7,2,False,False,ONLINE_PRE_UPDATE_CURRENT_VIEW_DIAGNOSTIC_NOT_CHECKPOINT_EVALUATION,3395,1.8869233131408691,0.001,3.3599490000051446,0.3012998000049265,3.67953810000472,28.92199999999866,0.16502781211452033,0.16502781211452033,0.38823124488077737,0.0,0.2944382324441719,0.9484536082474226,0.9414254605579275,0.38823124638992457,0.8713314588396687,,0.5837912087912088,0.5635768445610966,0.6339667043463163,0.6103935863934107,,3395,3395,0,0
M1-s17,M1,17,COMPLETED,8,2,False,False,ONLINE_PRE_UPDATE_CURRENT_VIEW_DIAGNOSTIC_NOT_CHECKPOINT_EVALUATION,3395,2.038557767868042,0.001,3.3969004999962635,0.3268071999991662,3.744063099999039,32.84399999999732,0.10267123388831499,0.10267123388831499,0.3705802554344218,0.0,0.2261979904064198,0.9717231222385861,0.9678294915613618,0.37058025926450305,0.8840138445879724,,0.5989010989010989,0.5662019928989603,0.6271886186150368,0.6305561493714164,,3395,3395,0,0
M1-s17,M1,17,COMPLETED,9,2,False,False,ONLINE_PRE_UPDATE_CURRENT_VIEW_DIAGNOSTIC_NOT_CHECKPOINT_EVALUATION,3395,2.186159610748291,0.001,3.388485600000422,0.3110207999998238,3.718145999999251,36.73500000000058,0.07458933063828015,0.07458933063828015,0.35763851642959776,0.0,0.19380217293313046,0.9832106038291605,0.9811854227073816,0.35763851751649506,0.892968962766993,,0.5961538461538461,0.5777263629350614,0.6373918150360683,0.6228573046778256,,3395,3395,0,0
M1-s17,M1,17,COMPLETED,10,2,False,False,ONLINE_PRE_UPDATE_CURRENT_VIEW_DIAGNOSTIC_NOT_CHECKPOINT_EVALUATION,3395,2.4370956420898438,0.001,3.392378999997163,0.30311300000175834,3.713448700000299,40.625,0.052674130175882655,0.052674130175882655,0.34529638030567644,0.0,0.16777292683128053,0.987039764359352,0.9852464937528143,0.34529638298470333,0.9001942094771099,,0.5837912087912088,0.5615197730969165,0.6670361000802726,0.6059521717966493,,3395,3395,0,0
M1-s17,M1,17,COMPLETED,11,2,False,False,ONLINE_PRE_UPDATE_CURRENT_VIEW_DIAGNOSTIC_NOT_CHECKPOINT_EVALUATION,3395,2.5312507152557373,0.001,3.2904791999972076,0.31760919999942416,3.627533899998525,44.45300000000134,0.045540859944163785,0.045540859944163785,0.32783445699444924,0.0,0.15481901550679214,0.9879234167893962,0.9869687887667675,0.3278344585162153,0.907146050788426,,0.5947802197802198,0.5720627357390109,0.6493647124651554,0.6169904341107534,,3395,3395,0,0
M1-s17,M1,17,COMPLETED,12,2,True,False,ONLINE_PRE_UPDATE_CURRENT_VIEW_DIAGNOSTIC_NOT_CHECKPOINT_EVALUATION,3395,2.630300283432007,0.001,3.3745216999959666,0.29504070000257343,3.687494699996023,48.31300000000192,0.042365189420062066,0.042365189420062066,0.3179445155502595,0.0,0.1483466973064662,0.9905743740795288,0.9896002757725926,0.3179445154687859,0.9134914750819447,,0.5961538461538461,0.5746975397485552,0.638896555327337,0.6235651334700695,,3395,3395,0,0
M1-s29,M1,29,COMPLETED,1,1,False,True,ONLINE_PRE_UPDATE_CURRENT_VIEW_DIAGNOSTIC_NOT_CHECKPOINT_EVALUATION,3395,1.025862455368042,0.001,3.431137300001865,0.31896360000246204,3.7857268000007025,4.343000000000757,0.8280563688506434,0.8280563688506434,0.7006107153351774,0.0,1.0615932851898127,0.6256259204712813,0.5304070588322908,0.7006107185859938,0.5753151469696447,,0.6387362637362637,0.5959830287671721,0.631360573884724,0.6417751670610845,,3395,3395,0,0
M1-s29,M1,29,COMPLETED,2,2,False,True,ONLINE_PRE_UPDATE_CURRENT_VIEW_DIAGNOSTIC_NOT_CHECKPOINT_EVALUATION,3395,1.0087789297103882,0.001,3.36028709999664,0.320760299997346,3.7164881999997306,8.25,0.6720254261205755,0.6720254261205755,0.5721672624920183,0.0,0.8627478544596193,0.7148748159057438,0.6609505069340386,0.5721672633205045,0.7287527331012431,,0.6332417582417582,0.6007988495746464,0.5975690294967985,0.6504523709037491,,3395,3395,0,0
M1-s29,M1,29,COMPLETED,3,2,False,False,ONLINE_PRE_UPDATE_CURRENT_VIEW_DIAGNOSTIC_NOT_CHECKPOINT_EVALUATION,3395,1.061461329460144,0.001,3.4246695000038017,0.3049747999975807,3.7479500000044936,12.18699999999808,0.5827434675068497,0.5827434675068497,0.5179793547284797,0.0,0.7554032598223005,0.7572901325478645,0.7157711786829394,0.5179793572489485,0.7774926822109536,,0.6291208791208791,0.5937848122210475,0.6207136168719684,0.6374980217200313,,3395,3395,0,0
M1-s29,M1,29,COMPLETED,4,2,False,False,ONLINE_PRE_UPDATE_CURRENT_VIEW_DIAGNOSTIC_NOT_CHECKPOINT_EVALUATION,3395,1.1553781032562256,0.001,3.3988230000031763,0.29990510000061477,3.7165445999999065,16.06199999999808,0.4827140198013744,0.4827140198013744,0.483453715944852,0.0,0.6438652639360948,0.806480117820324,0.7747245324202501,0.4834537177202285,0.8079319592986973,,0.6126373626373627,0.5741032575383871,0.6180103933413073,0.6240452969465254,,3395,3395,0,0
M1-s29,M1,29,COMPLETED,5,2,False,False,ONLINE_PRE_UPDATE_CURRENT_VIEW_DIAGNOSTIC_NOT_CHECKPOINT_EVALUATION,3395,1.2959543466567993,0.001,3.3719129000019166,0.3075821000020369,3.697581500004162,19.95300000000134,0.376862418686694,0.376862418686694,0.4393295318985547,0.0,0.5233056036730753,0.8459499263622975,0.8244176648130709,0.4393295319206719,0.8403953042522041,,0.6071428571428571,0.5754627927779522,0.6384373853682889,0.6153119082868157,,3395,3395,0,0
M1-s29,M1,29,COMPLETED,6,2,False,False,ONLINE_PRE_UPDATE_CURRENT_VIEW_DIAGNOSTIC_NOT_CHECKPOINT_EVALUATION,3395,1.5250349044799805,0.001,3.41436750000139,0.3320832000026712,3.7648291000004974,23.906000000002678,0.261352059433843,0.261352059433843,0.4078915506469659,0.0,0.39731591648486647,0.904860088365243,0.891224700608369,0.4078915518547363,0.8626235432300976,,0.6112637362637363,0.5810688114961721,0.6384584725358534,0.6095262802068079,,3395,3395,0,0
M1-s29,M1,29,COMPLETED,7,2,False,False,ONLINE_PRE_UPDATE_CURRENT_VIEW_DIAGNOSTIC_NOT_CHECKPOINT_EVALUATION,3395,1.7693043947219849,0.001,3.4526129000005312,0.3206919000003836,3.7934932999996818,27.875,0.17529604859726944,0.17529604859726944,0.38440619659704733,0.0,0.3034314521765323,0.9416789396170839,0.9337585247855373,0.384406196568415,0.877777188221841,,0.5961538461538461,0.5710599383036875,0.6460600025428314,0.5993358836339717,,3395,3395,0,0
M1-s29,M1,29,COMPLETED,8,2,False,False,ONLINE_PRE_UPDATE_CURRENT_VIEW_DIAGNOSTIC_NOT_CHECKPOINT_EVALUATION,3395,2.006283760070801,0.001,3.4261430999977165,0.31667079999897396,3.7611499999984517,31.82800000000134,0.12062363344983956,0.12062363344983956,0.36423420435550113,0.0,0.24203503751614308,0.9661266568483063,0.9605251648478011,0.36423420436071324,0.8901942355250035,,0.5824175824175825,0.5613919795240557,0.6314147338674118,0.596871292811283,,3395,3395,0,0
M1-s29,M1,29,COMPLETED,9,2,False,False,ONLINE_PRE_UPDATE_CURRENT_VIEW_DIAGNOSTIC_NOT_CHECKPOINT_EVALUATION,3395,2.1880834102630615,0.001,3.38572849999764,0.31042039999738336,3.714554899997893,35.71800000000076,0.08491451111738742,0.08491451111738742,0.3487505286449185,0.0,0.2011646895591219,0.9787923416789396,0.9760043396436112,0.3487505287194655,0.8990495616528649,,0.570054945054945,0.5484846507511896,0.66934841280166,0.6082302356258331,,3395,3395,0,0
M1-s29,M1,29,COMPLETED,10,2,False,False,ONLINE_PRE_UPDATE_CURRENT_VIEW_DIAGNOSTIC_NOT_CHECKPOINT_EVALUATION,3395,2.3989877700805664,0.001,3.497918599998229,0.32715599999937695,3.8439464999974007,39.73399999999674,0.05958826192963281,0.05958826192963281,0.3332371385704962,0.0,0.17066731114977413,0.9864506627393226,0.9843977915915257,0.3332371398229125,0.909084289892509,,0.5810439560439561,0.5495149953870566,0.6539057667875997,0.5934038857279539,,3395,3395,0,0
M1-s29,M1,29,COMPLETED,11,2,False,False,ONLINE_PRE_UPDATE_CURRENT_VIEW_DIAGNOSTIC_NOT_CHECKPOINT_EVALUATION,3395,2.6871843338012695,0.001,3.3481892999989213,0.3584454000010737,3.7252978999968036,43.65600000000268,0.03220583328617865,0.03220583328617865,0.3169779504763185,0.0,0.1378651529660281,0.9932253313696613,0.9923476554115895,0.3169779515933912,0.9157373371924399,,0.5741758241758241,0.5415754313713497,0.6467175152714705,0.5771925361806389,,3395,3395,0,0
M1-s29,M1,29,COMPLETED,12,2,True,False,ONLINE_PRE_UPDATE_CURRENT_VIEW_DIAGNOSTIC_NOT_CHECKPOINT_EVALUATION,3395,2.8847060203552246,0.001,3.4133338000028743,0.3118216000002576,3.7442387000046438,47.56199999999808,0.02379035290237379,0.02379035290237379,0.3039187514904848,0.0,0.12509660591345298,0.9961708394698086,0.9955801449876569,0.3039187514677847,0.9236242588883365,,0.5741758241758241,0.543130258159913,0.6862002207271072,0.579751020140379,,3395,3395,0,0
M1-s43,M1,43,COMPLETED,1,1,False,True,ONLINE_PRE_UPDATE_CURRENT_VIEW_DIAGNOSTIC_NOT_CHECKPOINT_EVALUATION,3395,1.004173994064331,0.001,3.491825199998857,0.3076389999987441,3.8387853000022005,4.235000000000582,0.829633940389827,0.829633940389827,0.6909376018001686,0.0,1.0599464816443172,0.6147275405007364,0.5407037845216486,0.690937603701253,0.5895746407336814,,0.6318681318681318,0.5788966041041249,0.6116366534542477,0.6260073684638696,,3395,3395,0,0
M1-s43,M1,43,COMPLETED,2,2,False,True,ONLINE_PRE_UPDATE_CURRENT_VIEW_DIAGNOSTIC_NOT_CHECKPOINT_EVALUATION,3395,1.0011954307556152,0.001,3.3341702000034275,0.35498589999770047,3.726224900005036,8.125,0.677516298125524,0.677516298125524,0.5803404559443028,0.0,0.8709631291334688,0.7142857142857143,0.6645749218848326,0.5803404572836448,0.7220703458017249,,0.6401098901098901,0.5999681941429514,0.592439895323548,0.6453349552442367,,3395,3395,0,0
M1-s43,M1,43,COMPLETED,3,2,False,False,ONLINE_PRE_UPDATE_CURRENT_VIEW_DIAGNOSTIC_NOT_CHECKPOINT_EVALUATION,3395,1.0443273782730103,0.001,3.338426000002073,0.2969163000016124,3.6532349999979488,11.93800000000192,0.599561883107552,0.599561883107552,0.5357610958577607,0.0,0.778148922337348,0.7478645066273932,0.7035547048882238,0.5357610956478016,0.7592227893506677,,0.6222527472527473,0.5827205777958172,0.6028212062671657,0.6519707436004354,,3395,3395,0,0
M1-s43,M1,43,COMPLETED,4,2,False,False,ONLINE_PRE_UPDATE_CURRENT_VIEW_DIAGNOSTIC_NOT_CHECKPOINT_EVALUATION,3395,1.1163663864135742,0.001,3.342514999996638,0.29018689999793423,3.6516969000003883,15.765999999995984,0.5040045540050133,0.5040045540050133,0.4891938168626822,0.0,0.6670691689001794,0.7914580265095729,0.7587628331129753,0.4891938183522497,0.8016814317973352,,0.6208791208791209,0.5872835332134937,0.6083778132240616,0.6566875325287019,,3395,3395,0,0
M1-s43,M1,43,COMPLETED,5,2,False,False,ONLINE_PRE_UPDATE_CURRENT_VIEW_DIAGNOSTIC_NOT_CHECKPOINT_EVALUATION,3395,1.2558783292770386,0.001,3.387962000000698,0.3031531000015093,3.709220600001572,19.640999999995984,0.39045421413978526,0.39045421413978526,0.45744524351451465,0.0,0.5429359677789488,0.8497790868924889,0.8295416262037313,0.4574452409293744,0.8265723756642359,,0.6071428571428571,0.5630383630532354,0.6156695714520398,0.637070660422133,,3395,3395,0,0
M1-s43,M1,43,COMPLETED,6,2,False,False,ONLINE_PRE_UPDATE_CURRENT_VIEW_DIAGNOSTIC_NOT_CHECKPOINT_EVALUATION,3395,1.4651150703430176,0.001,3.3792708000037237,0.2928587999995216,3.6909851000018534,23.515999999995984,0.27286146029456904,0.27286146029456904,0.4186682349276648,0.0,0.41241754273251685,0.9057437407952872,0.8928563383802656,0.41866823605910514,0.8550788610381611,,0.6002747252747253,0.5699078564157997,0.6071736314722559,0.6372410546457102,,3395,3395,0,0
M1-s43,M1,43,COMPLETED,7,2,False,False,ONLINE_PRE_UPDATE_CURRENT_VIEW_DIAGNOSTIC_NOT_CHECKPOINT_EVALUATION,3395,1.7009793519973755,0.001,3.3967771000025095,0.29493270000239136,3.711653300000762,27.390999999995984,0.17885478950971093,0.17885478950971093,0.3916109733096981,0.0,0.3093917852780605,0.9431516936671576,0.93463633259207,0.3916109726545147,0.8722007017069203,,0.5934065934065934,0.557583236771953,0.6290069094684441,0.6168534615448502,,3395,3395,0,0
M1-s43,M1,43,COMPLETED,8,2,False,False,ONLINE_PRE_UPDATE_CURRENT_VIEW_DIAGNOSTIC_NOT_CHECKPOINT_EVALUATION,3395,1.9272552728652954,0.001,3.3857602999996743,0.304029899998568,3.7078944000022602,31.29699999999866,0.11323354274325281,0.11323354274325281,0.37623909472190226,0.0,0.23864657888751317,0.9687776141384389,0.9647256275491621,0.3762390969492583,0.8826336201537454,,0.603021978021978,0.5731503064836398,0.6142179304174183,0.6344297293207688,,3395,3395,0,0
M1-s43,M1,43,COMPLETED,9,2,False,False,ONLINE_PRE_UPDATE_CURRENT_VIEW_DIAGNOSTIC_NOT_CHECKPOINT_EVALUATION,3395,2.0793614387512207,0.001,3.383769400003075,0.29205009999714093,3.6942933999962406,35.15699999999924,0.071120788186613,0.071120788186613,0.35743957696501744,0.0,0.19026731712653114,0.9823269513991163,0.9802401460224738,0.3574395781368516,0.8938260875893452,,0.6057692307692307,0.5747074705787827,0.608579323907219,0.6361646238148427,,3395,3395,0,0
M1-s43,M1,43,COMPLETED,10,2,False,False,ONLINE_PRE_UPDATE_CURRENT_VIEW_DIAGNOSTIC_NOT_CHECKPOINT_EVALUATION,3395,2.4366323947906494,0.001,3.3907655000002705,0.299507600000652,3.708221199995023,39.04699999999866,0.04135283749654823,0.04135283749654823,0.34257650828326397,0.0,0.15554501044732658,0.990279823269514,0.9887624384062478,0.34257651022484525,0.9022663019623993,,0.5961538461538461,0.5676976008116603,0.6276441804193482,0.6278570545649271,,3395,3395,0,0
M1-s43,M1,43,COMPLETED,11,2,False,False,ONLINE_PRE_UPDATE_CURRENT_VIEW_DIAGNOSTIC_NOT_CHECKPOINT_EVALUATION,3395,2.5326311588287354,0.001,3.3710515999991912,0.29893719999381574,3.68811039999855,42.92199999999866,0.04177319708778159,0.04177319708778159,0.33939735479488287,0.0,0.1549056507262987,0.9896907216494846,0.9885530939160346,0.3393973539680769,0.9067840916195937,,0.6016483516483516,0.573572731976366,0.625192397594379,0.6296901374541051,,3395,3395,0,0
M1-s43,M1,43,COMPLETED,12,2,True,False,ONLINE_PRE_UPDATE_CURRENT_VIEW_DIAGNOSTIC_NOT_CHECKPOINT_EVALUATION,3395,2.625032424926758,0.001,3.6287290999971447,0.2945406999933766,3.9415173000015784,47.09399999999732,0.025173462067068237,0.025173462067068237,0.31262853483563846,0.0,0.12938297664820708,0.9938144329896907,0.9934537778001706,0.31262853705356464,0.9169201689832642,,0.5947802197802198,0.5672868887263373,0.6446920629521349,0.6226973983578435,,3395,3395,0,0
M2-s17,M2,17,COMPLETED,1,1,False,True,ONLINE_PRE_UPDATE_CURRENT_VIEW_DIAGNOSTIC_NOT_CHECKPOINT_EVALUATION,3395,1.0444179773330688,0.001,3.6556693999955314,0.3154950000025565,4.00727139999799,4.389999999999418,0.840772997823836,0.8644549981132699,0.6878445473089485,0.0,1.0937365223100857,0.6176730486008837,0.5795881995603157,0.6878445517584484,0.5971545881698029,,0.646978021978022,0.6101361753846516,0.610403713739188,0.6579152751250803,,3395,3395,0,0
M2-s17,M2,17,COMPLETED,2,2,False,True,ONLINE_PRE_UPDATE_CURRENT_VIEW_DIAGNOSTIC_NOT_CHECKPOINT_EVALUATION,3395,1.045867919921875,0.001,3.5182830999983707,0.3151281999962521,3.8719349000020884,8.452999999994063,0.6896325194958559,0.7117679473051091,0.5768642662551161,0.0,0.9040560457597601,0.6980854197349042,0.6696744900418435,0.5768642668064686,0.7241843385796175,,0.646978021978022,0.6217975684111576,0.5994685971997499,0.6516016638963957,,3395,3395,0,0
M2-s17,M2,17,COMPLETED,3,2,False,False,ONLINE_PRE_UPDATE_CURRENT_VIEW_DIAGNOSTIC_NOT_CHECKPOINT_EVALUATION,3395,1.079650640487671,0.001,3.5478157000034116,0.29569590000028256,3.86238730000332,12.5,0.6012097993901271,0.6199417062290287,0.5299281242538095,0.0,0.7965844223706466,0.7425625920471282,0.7189662967992367,0.5299281251213523,0.7680033583448296,,0.6208791208791209,0.5926910754310019,0.6040377672533006,0.664105216242426,,3395,3395,0,0
M2-s17,M2,17,COMPLETED,4,2,False,False,ONLINE_PRE_UPDATE_CURRENT_VIEW_DIAGNOSTIC_NOT_CHECKPOINT_EVALUATION,3395,1.1478689908981323,0.001,3.540409000001091,0.34117820000392385,3.900918899998942,16.577999999994063,0.5034439235794,0.5180656408175102,0.4884139125055698,0.0,0.6808702894443966,0.7994108983799706,0.7808292163288879,0.48841391315036325,0.7996040350970438,,0.6263736263736264,0.6083772160671215,0.5997232420492794,0.6454153909794297,,3395,3395,0,0
M2-s17,M2,17,COMPLETED,5,2,False,False,ONLINE_PRE_UPDATE_CURRENT_VIEW_DIAGNOSTIC_NOT_CHECKPOINT_EVALUATION,3395,1.3367465734481812,0.001,3.4950067999961902,0.3269099999961327,3.840812399997958,20.60899999999674,0.37572152397330627,0.38653637572947414,0.4500524882891041,0.0,0.5365538752000005,0.84860088365243,0.8358360804188658,0.45005249160887817,0.8316655109233969,,0.6016483516483516,0.5775106699934137,0.62074242484136,0.6193905276869742,,3395,3395,0,0
M2-s17,M2,17,COMPLETED,6,2,False,False,ONLINE_PRE_UPDATE_CURRENT_VIEW_DIAGNOSTIC_NOT_CHECKPOINT_EVALUATION,3395,1.5449039936065674,0.001,3.4635154999996303,0.32295659999363124,3.804617000001599,24.60899999999674,0.2677217472196503,0.2744337720530374,0.42161844689645894,0.0,0.4149732606927144,0.9019145802650957,0.8935747746693724,0.4216184483152171,0.8501703861622874,,0.6167582417582418,0.5962275567235368,0.6393468214506296,0.6346379529936269,,3395,3395,0,0
M2-s17,M2,17,COMPLETED,7,2,False,False,ONLINE_PRE_UPDATE_CURRENT_VIEW_DIAGNOSTIC_NOT_CHECKPOINT_EVALUATION,3395,1.7779828310012817,0.001,3.46665120000398,0.32616589999815915,3.811088700000255,28.593999999997322,0.18344067434213826,0.18847048601385244,0.3956062109199996,0.0,0.32033922975123014,0.9416789396170839,0.935886921215085,0.3956062112100606,0.8697211611453223,,0.5837912087912088,0.5675225720226801,0.6410952034121082,0.6044231664380517,,3395,3395,0,0
M2-s17,M2,17,COMPLETED,8,2,False,False,ONLINE_PRE_UPDATE_CURRENT_VIEW_DIAGNOSTIC_NOT_CHECKPOINT_EVALUATION,3395,2.1214518547058105,0.001,3.4766089000040665,0.31884179999906337,3.814957000002323,32.59399999999732,0.11020284716879321,0.1144030763678505,0.37764585489113656,0.0,0.24028503175643828,0.9699558173784978,0.9668332029710264,0.37764585750497776,0.8803642688970655,,0.6002747252747253,0.5780305532617671,0.6321755595291596,0.6161505408434658,,3395,3395,0,0
M2-s17,M2,17,COMPLETED,9,2,False,False,ONLINE_PRE_UPDATE_CURRENT_VIEW_DIAGNOSTIC_NOT_CHECKPOINT_EVALUATION,3395,2.278623342514038,0.001,3.4826887999952305,0.3216205999997328,3.8234714999998687,36.59399999999732,0.06473172120530493,0.06829298817400377,0.35480616318284147,0.0,0.18656171349388861,0.984977908689249,0.9832628798982174,0.3548061631579468,0.8939934809363307,,0.592032967032967,0.5749521106659347,0.6383512379199581,0.6277096210026509,,3395,3395,0,0
M2-s17,M2,17,COMPLETED,10,2,False,False,ONLINE_PRE_UPDATE_CURRENT_VIEW_DIAGNOSTIC_NOT_CHECKPOINT_EVALUATION,3395,2.5730831623077393,0.001,3.4169951000003493,0.34387040000001434,3.7796041000037803,40.54699999999866,0.054021050235659805,0.055381103908980545,0.34405432472523956,0.0,0.17006588208877285,0.9905743740795288,0.9896385812869771,0.34405432322572793,0.8992443170017512,,0.592032967032967,0.5683045324438768,0.6471421078273164,0.6040303945805412,,3395,3395,0,0
M2-s17,M2,17,COMPLETED,11,2,False,False,ONLINE_PRE_UPDATE_CURRENT_VIEW_DIAGNOSTIC_NOT_CHECKPOINT_EVALUATION,3395,2.7424092292785645,0.001,3.5177524000027915,0.3042025999966427,3.8423239000039757,44.59399999999732,0.03754975626763609,0.038776794773840585,0.33504573950360206,0.0,0.15045871034110944,0.9908689248895435,0.9902555138785128,0.3350457403610292,0.9044441160533996,,0.5796703296703297,0.5561563295197504,0.6575824755805565,0.6006132552244762,,3395,3395,0,0
M2-s17,M2,17,COMPLETED,12,2,True,False,ONLINE_PRE_UPDATE_CURRENT_VIEW_DIAGNOSTIC_NOT_CHECKPOINT_EVALUATION,3395,2.960730791091919,0.001,3.6027453999995487,0.32535900000220863,3.9468034000019543,48.73399999999674,0.02500897050836564,0.026000648259085126,0.3167695375974119,0.0,0.13159049716675228,0.9952871870397644,0.9946149123031671,0.3167695387358817,0.9135254951817819,,0.5769230769230769,0.5583616248570977,0.6457289629300819,0.5991364370312189,,3395,3395,0,0
M2-s29,M2,29,COMPLETED,1,1,False,True,ONLINE_PRE_UPDATE_CURRENT_VIEW_DIAGNOSTIC_NOT_CHECKPOINT_EVALUATION,3395,1.0652341842651367,0.001,3.609497500001453,0.30215570000291336,3.9478183000028366,4.359000000004016,0.8362994467913666,0.8640892273986462,0.6997320982598767,0.0,1.097333267616418,0.6232695139911635,0.567722992204129,0.699732102007147,0.5795708950898606,,0.625,0.6028406510856269,0.650618006854579,0.6450481304984657,,3395,3395,0,0
M2-s29,M2,29,COMPLETED,2,2,False,True,ONLINE_PRE_UPDATE_CURRENT_VIEW_DIAGNOSTIC_NOT_CHECKPOINT_EVALUATION,3395,1.0467299222946167,0.001,3.3957369000054314,0.31792549999954645,3.7496823000037693,8.312000000005355,0.6793780191130772,0.7036597136896383,0.5712066529776808,0.0,0.8940619378096928,0.7063328424153167,0.675734545212948,0.5712066570634642,0.7301062248574998,,0.635989010989011,0.6165765913207787,0.5986387230066332,0.6483980682382782,,3395,3395,0,0
M2-s29,M2,29,COMPLETED,3,2,False,False,ONLINE_PRE_UPDATE_CURRENT_VIEW_DIAGNOSTIC_NOT_CHECKPOINT_EVALUATION,3395,1.0893248319625854,0.001,3.5158045000061975,0.328703699997277,3.8627907000045525,12.39100000000326,0.5889879189201237,0.609581202812855,0.517736812341898,0.0,0.7821601531905875,0.7531664212076583,0.7281302872157198,0.5177368126471495,0.7780792859658227,,0.6167582417582418,0.5975218928794882,0.6091524557655698,0.6276148099083744,,3395,3395,0,0
M2-s29,M2,29,COMPLETED,4,2,False,False,ONLINE_PRE_UPDATE_CURRENT_VIEW_DIAGNOSTIC_NOT_CHECKPOINT_EVALUATION,3395,1.2077293395996094,0.001,3.4795905999999377,0.3275941999963834,3.82712029999675,16.39100000000326,0.48973962086114337,0.5068102462477817,0.485287485698537,0.0,0.6685727475844707,0.797938144329897,0.7764193294742433,0.48528748827668206,0.8051967892300035,,0.6112637362637363,0.585461152669792,0.6157851209352304,0.6188646418427899,,3395,3395,0,0
M2-s29,M2,29,COMPLETED,5,2,False,False,ONLINE_PRE_UPDATE_CURRENT_VIEW_DIAGNOSTIC_NOT_CHECKPOINT_EVALUATION,3395,1.3502122163772583,0.001,3.5187280000027386,0.31447340000158874,3.850993700005347,20.437000000005355,0.37823800005797786,0.39086541802524993,0.44120438402636586,0.0,0.5379335532483366,0.8597938144329897,0.846476303516939,0.4412043837398367,0.8391272361594395,,0.6085164835164835,0.588758005445062,0.6421000033648682,0.6051981132700619,,3395,3395,0,0
M2-s29,M2,29,COMPLETED,6,2,False,False,ONLINE_PRE_UPDATE_CURRENT_VIEW_DIAGNOSTIC_NOT_CHECKPOINT_EVALUATION,3395,1.6287147998809814,0.001,3.5253394000028493,0.32955260000017006,3.8731477000037557,24.51600000000326,0.26327066016390327,0.27194494540982816,0.41604394843810083,0.0,0.4106262668462495,0.9045655375552283,0.8941821192983984,0.41604394803604794,0.8559575569904528,,0.6085164835164835,0.5846523126377952,0.636496814905543,0.6013453940559356,,3395,3395,0,0
M2-s29,M2,29,COMPLETED,7,2,False,False,ONLINE_PRE_UPDATE_CURRENT_VIEW_DIAGNOSTIC_NOT_CHECKPOINT_EVALUATION,3395,1.8988443613052368,0.001,3.6131222000039998,0.3359388999961084,3.9689919000011287,28.672000000005937,0.1766302578249982,0.18347736085286373,0.38933507125051103,0.0,0.3132557211989682,0.9443298969072165,0.9386682223145488,0.3893350729913916,0.8740332761245324,,0.5769230769230769,0.5560938013768203,0.6582372148667084,0.5851170382055724,,3395,3395,0,0
M2-s29,M2,29,COMPLETED,8,2,False,False,ONLINE_PRE_UPDATE_CURRENT_VIEW_DIAGNOSTIC_NOT_CHECKPOINT_EVALUATION,3395,2.1559786796569824,0.001,3.493301700000302,0.3191807000039262,3.8306595999965793,32.687000000005355,0.1244931826930334,0.12854440794470384,0.3631941589322462,0.0,0.24960913000647555,0.9649484536082474,0.9606919580587677,0.36319416061044424,0.8892303304156843,,0.5769230769230769,0.5524483973137282,0.6648697510923279,0.5807295639151655,,3395,3395,0,0
M2-s29,M2,29,COMPLETED,9,2,False,False,ONLINE_PRE_UPDATE_CURRENT_VIEW_DIAGNOSTIC_NOT_CHECKPOINT_EVALUATION,3395,2.318178176879883,0.001,3.559291100005794,0.31703769999876386,3.895549100001517,36.76600000000326,0.07677789432969115,0.07864410654697924,0.35501015386455015,0.0,0.19698082779222806,0.9805596465390279,0.9786317727574122,0.35501015384236434,0.8948594417867054,,0.5659340659340659,0.5422819358137441,0.6679456042993179,0.5986393548074617,,3395,3395,0,0
M2-s29,M2,29,COMPLETED,10,2,False,False,ONLINE_PRE_UPDATE_CURRENT_VIEW_DIAGNOSTIC_NOT_CHECKPOINT_EVALUATION,3395,2.54205584526062,0.001,3.5635731000002124,0.33011419999820646,3.913622199994279,40.859000000004016,0.049625489092397675,0.05132219698746443,0.3355809081285446,0.0,0.16318250338880233,0.9888070692194404,0.987777852036074,0.33558090769998533,0.9071673221298303,,0.570054945054945,0.5467355347244877,0.6586207586236984,0.5760750502980099,,3395,3395,0,0
M2-s29,M2,29,COMPLETED,11,2,False,False,ONLINE_PRE_UPDATE_CURRENT_VIEW_DIAGNOSTIC_NOT_CHECKPOINT_EVALUATION,3395,2.8230671882629395,0.001,3.552033699997992,0.32267249999858905,3.8939853999982006,44.937000000005355,0.03025924595201797,0.031308803055298255,0.32053932169224625,0.0,0.13815524661268858,0.9941089837997055,0.9933893178732663,0.32053932199557755,0.9146219303181954,,0.5645604395604396,0.5378256266651502,0.6708766792831778,0.5619413784430037,,3395,3395,0,0
M2-s29,M2,29,COMPLETED,12,2,True,False,ONLINE_PRE_UPDATE_CURRENT_VIEW_DIAGNOSTIC_NOT_CHECKPOINT_EVALUATION,3395,3.0394413471221924,0.001,3.484394200000679,0.34013620000041556,3.843597500002943,48.95300000000134,0.030956413118451265,0.031781400382430984,0.3060196943635969,0.0,0.133787968390469,0.9944035346097202,0.9940461564237969,0.30601969523796335,0.9213579831707773,,0.5851648351648352,0.5501833396820167,0.6774255775051463,0.5722594161919372,,3395,3395,0,0
M2-s43,M2,43,COMPLETED,1,1,False,True,ONLINE_PRE_UPDATE_CURRENT_VIEW_DIAGNOSTIC_NOT_CHECKPOINT_EVALUATION,3395,1.0399435758590698,0.001,3.592864300000656,0.31423070000164444,3.942611400001624,4.311999999998079,0.8372905126025294,0.8619060592553051,0.6906240937109372,0.0,1.092114092815607,0.6111929307805597,0.57052369296816,0.6906240910774821,0.5903716456362962,,0.646978021978022,0.6255403385448228,0.608546144790515,0.6248518342754902,,3395,3395,0,0
M2-s43,M2,43,COMPLETED,2,1,False,False,ONLINE_PRE_UPDATE_CURRENT_VIEW_DIAGNOSTIC_NOT_CHECKPOINT_EVALUATION,3395,1.0355210304260254,0.001,3.4582634000034886,0.3085283000036725,3.7847335999977076,8.264999999999418,0.6871745450243859,0.7100035194620292,0.5838769501719805,0.0,0.904629176934092,0.6977908689248895,0.6696705838684375,0.5838769523619601,0.718721045289923,,0.6401098901098901,0.6224026407110301,0.5869515043935051,0.6493238183354968,,3395,3395,0,0
M2-s43,M2,43,COMPLETED,3,1,False,False,ONLINE_PRE_UPDATE_CURRENT_VIEW_DIAGNOSTIC_NOT_CHECKPOINT_EVALUATION,3395,1.078528881072998,0.001,3.4175115000034566,0.31864589999895543,3.754735200003779,12.264999999999418,0.6066010786963844,0.6275087360166485,0.5391984512642662,0.0,0.8072415645062836,0.7458026509572901,0.7189368180280984,0.5391984545878122,0.7566204725141745,,0.6208791208791209,0.5991383124177635,0.5978961404730249,0.6552721668647181,,3395,3395,0,0
M2-s43,M2,43,COMPLETED,4,1,False,False,ONLINE_PRE_UPDATE_CURRENT_VIEW_DIAGNOSTIC_NOT_CHECKPOINT_EVALUATION,3395,1.1729671955108643,0.001,3.462811099998362,0.31974279999849387,3.800600700000359,16.25,0.5090639639629355,0.524331616451182,0.4955391419126991,0.0,0.6895113406370946,0.7908689248895434,0.7705506397006227,0.4955391411572168,0.7963535613235369,,0.6222527472527473,0.6020418974681419,0.6235088323963203,0.651066349132376,,3395,3395,0,0
M2-s43,M2,43,COMPLETED,5,1,False,False,ONLINE_PRE_UPDATE_CURRENT_VIEW_DIAGNOSTIC_NOT_CHECKPOINT_EVALUATION,3395,1.3190596103668213,0.001,3.4840299999996205,0.3104324999949313,3.8126728999995976,20.25,0.39450475666589696,0.4056836787221709,0.46149371801841244,0.0,0.5595149237909444,0.8412371134020619,0.8266006085204843,0.461493717530874,0.8208316759334987,,0.6057692307692307,0.5728696061328009,0.6255307019743198,0.6353405090489717,,3395,3395,0,0
M2-s43,M2,43,COMPLETED,6,1,False,False,ONLINE_PRE_UPDATE_CURRENT_VIEW_DIAGNOSTIC_NOT_CHECKPOINT_EVALUATION,3395,1.5047824382781982,0.001,3.4890415000045323,0.3183749000017997,3.826130600005854,24.264999999999418,0.2732586638434119,0.2817500705044821,0.42849749160796097,0.0,0.42458257168663094,0.9013254786450663,0.892872526508912,0.42849749387924274,0.846723039663981,,0.6085164835164835,0.5870248507196666,0.6154164395507445,0.6357027833495008,,3395,3395,0,0
M2-s43,M2,43,COMPLETED,7,1,False,False,ONLINE_PRE_UPDATE_CURRENT_VIEW_DIAGNOSTIC_NOT_CHECKPOINT_EVALUATION,3395,1.7345974445343018,0.001,3.584737999997742,0.31746990000101505,3.9226097999999183,28.389999999999418,0.1806614361577208,0.18629311301439605,0.4057580432414306,0.0,0.32154579859594534,0.9384388807069219,0.9325277034564493,0.4057580420917136,0.8633737473472975,,0.6071428571428571,0.5811232602597775,0.6243602890821282,0.6185688035254879,,3395,3395,0,0
M2-s43,M2,43,COMPLETED,8,1,False,False,ONLINE_PRE_UPDATE_CURRENT_VIEW_DIAGNOSTIC_NOT_CHECKPOINT_EVALUATION,3395,2.1029958724975586,0.001,3.465449700001045,0.3167623999979696,3.8006473000059486,32.35899999999674,0.10790070758553685,0.11146464570547523,0.3898416944956393,0.0,0.24141188121904153,0.9693667157584683,0.9662093203230436,0.38984169448991285,0.875495293907206,,0.6098901098901099,0.5861899574063973,0.6282571838505996,0.6223201236115692,,3395,3395,0,0
M2-s43,M2,43,COMPLETED,9,1,False,False,ONLINE_PRE_UPDATE_CURRENT_VIEW_DIAGNOSTIC_NOT_CHECKPOINT_EVALUATION,3395,2.2673275470733643,0.001,3.482626299999538,0.3018420999942464,3.8041492000047583,36.34300000000076,0.06885757610607832,0.07123877067620892,0.3733183714356795,0.0,0.19567823078653424,0.9823269513991163,0.9805129715667246,0.3733183749572172,0.8846710200997904,,0.6153846153846154,0.5847876071035114,0.625801160474881,0.6359133943618186,,3395,3395,0,0
M2-s43,M2,43,COMPLETED,10,1,False,False,ONLINE_PRE_UPDATE_CURRENT_VIEW_DIAGNOSTIC_NOT_CHECKPOINT_EVALUATION,3395,2.5185914039611816,0.001,3.379454199995962,0.3000402999969083,3.6976470000008703,40.23399999999674,0.04069140192466913,0.04181171239344115,0.34712901071525987,0.0,0.15752138677156025,0.9908689248895435,0.9903638690050179,0.3471290130753877,0.8969128420808569,,0.6098901098901099,0.5832231326682388,0.6225185576003751,0.6270860902289547,,3395,3395,0,0
M2-s43,M2,43,COMPLETED,11,1,True,False,ONLINE_PRE_UPDATE_CURRENT_VIEW_DIAGNOSTIC_NOT_CHECKPOINT_EVALUATION,3395,2.892396926879883,0.001,3.4574276999992435,0.31861339999886695,3.794813400003477,44.25,0.02868022582848969,0.0284892557320543,0.33094168682863856,0.0,0.13880315519353603,0.9946980854197349,0.994442209913422,0.33094168620174463,0.9069139182317243,,0.6016483516483516,0.5672405520379897,0.628211588186217,0.6141595870582084,,3395,3395,0,0
M3-s17,M3,17,COMPLETED,1,1,False,True,ONLINE_PRE_UPDATE_CURRENT_VIEW_DIAGNOSTIC_NOT_CHECKPOINT_EVALUATION,3395,1.0092650651931763,0.001,4.175465200001781,0.31267469999875175,4.524638299997605,4.9060000000026776,0.835342904148467,0.835342904148467,0.6934040858749086,0.0,1.0664776065388204,0.6238586156111929,0.5486565316494668,0.6934040865666454,0.5888267602858495,,0.6483516483516484,0.5906937136727979,0.6064522150535505,0.6618343778893973,,3395,2600,775,20
M3-s17,M3,17,COMPLETED,2,2,False,True,ONLINE_PRE_UPDATE_CURRENT_VIEW_DIAGNOSTIC_NOT_CHECKPOINT_EVALUATION,3395,1.0093036890029907,0.001,4.124358299995947,0.3243161999998847,4.48696519999794,9.593000000000757,0.6936507084934982,0.6936507084934982,0.5863121124360277,0.0,0.8890880855790645,0.6945508100147275,0.6446547683816123,0.5863121177578366,0.7124462736664051,,0.6497252747252747,0.6032693146024539,0.6022364066032294,0.6547656655687731,,3395,2515,863,17
M3-s17,M3,17,COMPLETED,3,2,False,False,ONLINE_PRE_UPDATE_CURRENT_VIEW_DIAGNOSTIC_NOT_CHECKPOINT_EVALUATION,3395,1.0306994915008545,0.001,4.161545599999954,0.3045798000021023,4.484209800000826,14.281000000002678,0.6128236994125354,0.6128236994125354,0.543084880793042,0.0,0.7938520045097868,0.7405007363770251,0.6997525472877433,0.5430848803826566,0.7559058317688178,,0.6277472527472527,0.5803046527489152,0.6078712694419824,0.6563928918034975,,3395,2558,811,26
M3-s17,M3,17,COMPLETED,4,2,False,False,ONLINE_PRE_UPDATE_CURRENT_VIEW_DIAGNOSTIC_NOT_CHECKPOINT_EVALUATION,3395,1.0753250122070312,0.001,4.039209399998072,0.31179550000524614,4.369176100000914,18.82800000000134,0.5358052103263113,0.5358052103263113,0.500460443528306,0.0,0.7026253616335817,0.7826215022091311,0.7506708793766234,0.500460441984457,0.7897825824773899,,0.6236263736263736,0.588046991846384,0.5895025877860582,0.6583749018509246,,3395,2577,796,22
M3-s17,M3,17,COMPLETED,5,2,False,False,ONLINE_PRE_UPDATE_CURRENT_VIEW_DIAGNOSTIC_NOT_CHECKPOINT_EVALUATION,3395,1.2205818891525269,0.001,4.050710200004687,0.3134395000015502,4.382610400003614,23.406000000002678,0.4258772992332835,0.4258772992332835,0.46835275154577266,0.0,0.5819948903766402,0.8250368188512518,0.7995075425640126,0.4683527491824216,0.8186179427672843,,0.6304945054945055,0.5922282827044731,0.6041168838727882,0.6177944217544578,,3395,2549,825,21
M3-s17,M3,17,COMPLETED,6,2,False,False,ONLINE_PRE_UPDATE_CURRENT_VIEW_DIAGNOSTIC_NOT_CHECKPOINT_EVALUATION,3395,1.3355835676193237,0.001,3.9665068999966024,0.31004879999818513,4.29474990000017,27.906000000002678,0.3346223912858823,0.3346223912858823,0.4400251331666432,0.0,0.48129743983713974,0.8754050073637702,0.8587805243010593,0.44002513287713085,0.8401442074841863,,0.6236263736263736,0.6006116783294062,0.6440645051646113,0.6380919054092605,,3395,2522,849,24
M3-s17,M3,17,COMPLETED,7,2,False,False,ONLINE_PRE_UPDATE_CURRENT_VIEW_DIAGNOSTIC_NOT_CHECKPOINT_EVALUATION,3395,1.6117591857910156,0.001,4.089409799998975,0.29943440000351984,4.406962100001692,32.51499999999942,0.2441911367334656,0.2441911367334656,0.4139412324453138,0.0,0.38217155346989806,0.9148748159057437,0.9034006419182393,0.4139412335614607,0.8548087056250039,,0.6085164835164835,0.5826647274432085,0.664526301569812,0.6044029688191768,,3395,2571,801,23
M3-s17,M3,17,COMPLETED,8,2,False,False,ONLINE_PRE_UPDATE_CURRENT_VIEW_DIAGNOSTIC_NOT_CHECKPOINT_EVALUATION,3395,1.6446455717086792,0.001,4.078751299995929,0.30417820000002393,4.401254999997036,37.09300000000076,0.19831075195294418,0.19831075195294418,0.39901162612420643,0.0,0.33131463244140413,0.934020618556701,0.9260795763956636,0.3990116290194332,0.8640787457439179,,0.6057692307692307,0.5789797345010274,0.6337255840791021,0.6212683943962426,,3395,2490,885,20
M3-s17,M3,17,COMPLETED,9,2,False,False,ONLINE_PRE_UPDATE_CURRENT_VIEW_DIAGNOSTIC_NOT_CHECKPOINT_EVALUATION,3395,1.8376010656356812,0.001,4.052913699997589,0.3118534000022919,4.383665100001963,41.63999999999942,0.15373508379368087,0.15373508379368087,0.38458426610096214,0.0,0.28192984435010554,0.9534609720176731,0.9476334582021982,0.38458426604116,0.8756172765199616,,0.603021978021978,0.5819140188481926,0.6285574764701228,0.6254811347831829,,3395,2553,823,19
M3-s17,M3,17,COMPLETED,10,2,False,False,ONLINE_PRE_UPDATE_CURRENT_VIEW_DIAGNOSTIC_NOT_CHECKPOINT_EVALUATION,3395,1.9181729555130005,0.001,4.078961100000015,0.3091869999989285,4.406694900004368,46.21800000000076,0.1400565572884016,0.1400565572884016,0.37942353095502673,0.0,0.26653107257233455,0.9614138438880707,0.9569276443370959,0.37942353216060254,0.8767734152373456,,0.592032967032967,0.5682670093742496,0.6301901208218903,0.6362240414173322,,3395,2512,863,20
M3-s17,M3,17,COMPLETED,11,2,False,False,ONLINE_PRE_UPDATE_CURRENT_VIEW_DIAGNOSTIC_NOT_CHECKPOINT_EVALUATION,3395,2.121173620223999,0.001,4.051569200004451,0.30732910000369884,4.377788000005239,50.76499999999942,0.0973858946904167,0.0973858946904167,0.36424824082359825,0.0,0.21880197906002555,0.9746686303387334,0.9710050019775286,0.3642482416409744,0.8895064959072851,,0.6071428571428571,0.5812214025180964,0.6466846230022794,0.611200567738318,,3395,2559,808,28
M3-s17,M3,17,COMPLETED,12,2,True,False,ONLINE_PRE_UPDATE_CURRENT_VIEW_DIAGNOSTIC_NOT_CHECKPOINT_EVALUATION,3395,2.11932635307312,0.001,4.1631064000030165,0.3225428000005195,4.503832299997157,55.45300000000134,0.11013144418180253,0.11013144418180253,0.3571374407924152,0.0,0.2291772616190482,0.9717231222385861,0.9684730501624467,0.35713744140799336,0.889588864876023,,0.5892857142857143,0.5694586906514645,0.630897894348811,0.6187621293465031,,3395,2561,813,21
M3-s29,M3,29,COMPLETED,1,1,False,True,ONLINE_PRE_UPDATE_CURRENT_VIEW_DIAGNOSTIC_NOT_CHECKPOINT_EVALUATION,3395,1.0266289710998535,0.001,4.208498399995733,0.309417399999802,4.554496899996593,4.952999999994063,0.8327508775580439,0.8327508775580439,0.6985589453678945,0.0,1.0656038630166706,0.6265095729013255,0.5269126891178088,0.6985589496238948,0.5750100848686062,,0.6291208791208791,0.5779039668341994,0.6390250721865763,0.6358839370750776,,3395,2581,794,20
M3-s29,M3,29,COMPLETED,2,2,False,True,ONLINE_PRE_UPDATE_CURRENT_VIEW_DIAGNOSTIC_NOT_CHECKPOINT_EVALUATION,3395,1.018951416015625,0.001,4.157640500001435,0.2997812000030535,4.4939981999996235,9.655999999995402,0.681520459244634,0.681520459244634,0.5789375286653572,0.0,0.8744996399872433,0.7107511045655376,0.6558984812668556,0.5789375287844128,0.7175981348866022,,0.635989010989011,0.5998924373651207,0.6108473185002088,0.6506190018763849,,3395,2535,831,29
M3-s29,M3,29,COMPLETED,3,2,False,False,ONLINE_PRE_UPDATE_CURRENT_VIEW_DIAGNOSTIC_NOT_CHECKPOINT_EVALUATION,3395,1.0442194938659668,0.001,4.058190199997625,0.30787870000494877,4.384991200000513,14.23399999999674,0.6062307761282563,0.6062307761282563,0.5336308569549988,0.0,0.7841077328518319,0.7508100147275405,0.7080297383546804,0.5336308581395547,0.7613340458898193,,0.6291208791208791,0.5929629058529314,0.6086119851516432,0.6366653134251603,,3395,2543,830,22
M3-s29,M3,29,COMPLETED,4,2,False,False,ONLINE_PRE_UPDATE_CURRENT_VIEW_DIAGNOSTIC_NOT_CHECKPOINT_EVALUATION,3395,1.1314293146133423,0.001,3.9857913000014378,0.3247222999998485,4.3294879000022775,18.764999999999418,0.5176992926488744,0.5176992926488744,0.4953231603828902,0.0,0.6828070215694332,0.7941089837997054,0.7613262571210585,0.49532315709065117,0.7935666860842265,,0.6208791208791209,0.5769595071234991,0.6103567998155256,0.6407308108258809,,3395,2565,812,18
M3-s29,M3,29,COMPLETED,5,2,False,False,ONLINE_PRE_UPDATE_CURRENT_VIEW_DIAGNOSTIC_NOT_CHECKPOINT_EVALUATION,3395,1.2161386013031006,0.001,4.164319000003161,0.3256706000029226,4.508948299997428,23.5,0.42369690844693136,0.42369690844693136,0.4576146493165237,0.0,0.5762351286823866,0.8329896907216495,0.8083685599472883,0.45761464875406105,0.8249058474635439,,0.6181318681318682,0.5895278317745164,0.6296329946272525,0.6151124671016828,,3395,2541,829,25
M3-s29,M3,29,COMPLETED,6,6,False,True,ONLINE_PRE_UPDATE_CURRENT_VIEW_DIAGNOSTIC_NOT_CHECKPOINT_EVALUATION,3395,1.3641489744186401,0.001,4.022874299997056,0.35812450000230456,4.4181022999982815,28.093999999997322,0.32666242255421907,0.32666242255421907,0.4238456895144242,0.0,0.4679443246091062,0.8804123711340206,0.8629054984717485,0.42384568985636634,0.848483555265811,,0.625,0.6062477276353787,0.648224583314124,0.6195359644491618,,3395,2533,842,20
M3-s29,M3,29,COMPLETED,7,6,False,False,ONLINE_PRE_UPDATE_CURRENT_VIEW_DIAGNOSTIC_NOT_CHECKPOINT_EVALUATION,3395,1.5011799335479736,0.001,4.1892284999994445,0.31769139999960316,4.5256440000011935,32.79699999999866,0.2517591401298197,0.2517591401298197,0.4102770039540152,0.0,0.3885181470893444,0.9154639175257732,0.9035114432793172,0.4102770039975638,0.8590827959755172,,0.6126373626373627,0.5893122437966812,0.6220720461478577,0.628162553152105,,3395,2512,857,26
M3-s29,M3,29,COMPLETED,8,6,False,False,ONLINE_PRE_UPDATE_CURRENT_VIEW_DIAGNOSTIC_NOT_CHECKPOINT_EVALUATION,3395,1.6668739318847656,0.001,4.067728900001384,0.30817620000016177,4.39519019999716,37.42199999999866,0.1941754701321009,0.1941754701321009,0.388421304631479,0.0,0.32364924401703216,0.9402061855670103,0.9328984301969507,0.3884213064704296,0.8717714406491617,,0.5989010989010989,0.5750892319056428,0.6150442254435332,0.615880754874418,,3395,2536,829,30
M3-s29,M3,29,COMPLETED,9,6,False,False,ONLINE_PRE_UPDATE_CURRENT_VIEW_DIAGNOSTIC_NOT_CHECKPOINT_EVALUATION,3395,1.8278529644012451,0.001,4.023014300000796,0.3240518000020529,4.367114300002868,41.98399999999674,0.15673336687776232,0.15673336687776232,0.380576881287902,0.0,0.28359233146212415,0.9549337260677467,0.9502381425073504,0.38057688022809394,0.8775779728710047,,0.6002747252747253,0.5767463249856611,0.6352404577578904,0.61667784282131,,3395,2507,867,21
M3-s29,M3,29,COMPLETED,10,6,False,False,ONLINE_PRE_UPDATE_CURRENT_VIEW_DIAGNOSTIC_NOT_CHECKPOINT_EVALUATION,3395,1.9055691957473755,0.001,4.028717399996822,0.3101643000045442,4.3577925999998115,46.56199999999808,0.1472836194776646,0.1472836194776646,0.3619090330442729,0.0,0.2679199671227381,0.9584683357879235,0.9542048079068798,0.3619090341376854,0.8888482231186245,,0.5975274725274725,0.5633732553383982,0.6298168966774368,0.6085400426786778,,3395,2549,821,25
M3-s29,M3,29,COMPLETED,11,6,False,False,ONLINE_PRE_UPDATE_CURRENT_VIEW_DIAGNOSTIC_NOT_CHECKPOINT_EVALUATION,3395,1.985476016998291,0.001,4.126445299996703,0.3346415000050911,4.479135999994469,51.23399999999674,0.1043586082115292,0.1043586082115292,0.3540856763303543,0.0,0.22238717052827703,0.9734904270986745,0.9704779726798559,0.3540856773416074,0.8949215343306615,,0.6002747252747253,0.5724812884070378,0.6173960155553816,0.6076766136732616,,3395,2556,809,30
M3-s29,M3,29,COMPLETED,12,6,False,False,ONLINE_PRE_UPDATE_CURRENT_VIEW_DIAGNOSTIC_NOT_CHECKPOINT_EVALUATION,3395,2.2524325847625732,0.001,4.108563099995081,0.3168428999997559,4.443980199997895,55.875,0.07978835316630017,0.07978835316630017,0.34562083986616626,0.0,0.1949953026246603,0.9820324005891016,0.9798266819889627,0.34562083995261195,0.9000449100986765,,0.5906593406593407,0.5520039697028707,0.6550685188966192,0.6178584035435681,,3395,2539,834,22
M3-s29,M3,29,COMPLETED,13,6,False,False,ONLINE_PRE_UPDATE_CURRENT_VIEW_DIAGNOSTIC_NOT_CHECKPOINT_EVALUATION,3395,2.292109966278076,0.001,4.094008000000031,0.31189720000111265,4.425774299998011,60.51499999999942,0.08077745276622594,0.08077745276622594,0.33192560269836124,0.0,0.19141932354145444,0.9779086892488954,0.9753537336242628,0.3319256029489885,0.9082687828458178,,0.5934065934065934,0.5700711696993596,0.6355382107498232,0.6239900130675786,,3395,2559,816,20
M3-s29,M3,29,COMPLETED,14,6,False,False,ONLINE_PRE_UPDATE_CURRENT_VIEW_DIAGNOSTIC_NOT_CHECKPOINT_EVALUATION,3395,2.147156000137329,0.001,4.052810599998338,0.30191300000296906,4.374224099999992,65.07799999999406,0.09167535098980076,0.09167535098980076,0.32477272104620053,0.0,0.1999329280366076,0.9790868924889543,0.977190390397535,0.32477272256237727,0.90757775412501,,0.5934065934065934,0.5716182347761295,0.6311224752229224,0.6221777166000272,,3395,2520,857,18
M3-s29,M3,29,COMPLETED,15,6,False,False,ONLINE_PRE_UPDATE_CURRENT_VIEW_DIAGNOSTIC_NOT_CHECKPOINT_EVALUATION,3395,2.352308511734009,0.001,4.046288400000776,0.3292092000046978,4.394384799998079,69.68699999999808,0.07604958611226398,0.07604958611226398,0.3229897273131077,0.0,0.18371283161798177,0.9808541973490427,0.9790998763342501,0.3229897285629522,0.9083344792333266,,0.5865384615384616,0.5618808891891536,0.6373526037109064,0.6059476788485966,,3395,2527,849,19
M3-s29,M3,29,COMPLETED,16,6,True,False,ONLINE_PRE_UPDATE_CURRENT_VIEW_DIAGNOSTIC_NOT_CHECKPOINT_EVALUATION,3395,2.277730703353882,0.001,4.1340531000023475,0.3180437000046368,4.47082539999974,74.35899999999674,0.07917316960574118,0.07917316960574118,0.3085154507929166,0.0,0.18201165580696843,0.9817378497790868,0.980245903297627,0.30851545221757265,0.9127753482482632,,0.592032967032967,0.5693258317076576,0.637731766829697,0.611755125865925,,3395,2533,836,26
M3-s43,M3,43,COMPLETED,1,1,False,True,ONLINE_PRE_UPDATE_CURRENT_VIEW_DIAGNOSTIC_NOT_CHECKPOINT_EVALUATION,3395,1.0015945434570312,0.001,4.1269328000053065,0.3113699000023189,4.475391800006037,4.905999999995402,0.8335550909014268,0.8335550909014268,0.6958251761450859,0.0,1.0654968205010944,0.6150220913107511,0.5428672776926188,0.6958251799726639,0.5799584700507391,,0.6263736263736264,0.5758619442002164,0.6069291392619501,0.6346393948911508,,3395,2511,859,25
M3-s43,M3,43,COMPLETED,2,2,False,True,ONLINE_PRE_UPDATE_CURRENT_VIEW_DIAGNOSTIC_NOT_CHECKPOINT_EVALUATION,3395,1.0015513896942139,0.001,4.072776900000463,0.31077669999649515,4.421505300000717,9.514999999999418,0.6888546870014629,0.6888546870014629,0.590408050408244,0.0,0.8856573773062457,0.7086892488954345,0.6563700193103432,0.5904080491059354,0.7109714129716841,,0.6373626373626373,0.5975062491568811,0.5960059464393582,0.6466346363480815,,3395,2593,781,21
M3-s43,M3,43,COMPLETED,3,2,False,False,ONLINE_PRE_UPDATE_CURRENT_VIEW_DIAGNOSTIC_NOT_CHECKPOINT_EVALUATION,3395,1.041699767112732,0.001,4.00763349999761,0.2969687000004342,4.322661099999095,14.030999999995402,0.6182481507138405,0.6182481507138405,0.546221040845444,0.0,0.8003218354989222,0.7363770250368189,0.6914080152335845,0.5462210433152662,0.7487137329518813,,0.6332417582417582,0.5884780428717521,0.6099554642222267,0.6600318390399987,,3395,2548,830,17
M3-s43,M3,43,COMPLETED,4,2,False,False,ONLINE_PRE_UPDATE_CURRENT_VIEW_DIAGNOSTIC_NOT_CHECKPOINT_EVALUATION,3395,1.0956041812896729,0.001,4.069586300000083,0.30509519999759505,4.392694699999993,18.625,0.5288969638684713,0.5288969638684713,0.505236402720169,0.0,0.6973091062460101,0.7793814432989691,0.746437886996961,0.5052364027070017,0.7879231631162025,,0.625,0.5927061535405609,0.5999287462621866,0.6538826616300143,,3395,2584,787,24
M3-s43,M3,43,COMPLETED,5,2,False,False,ONLINE_PRE_UPDATE_CURRENT_VIEW_DIAGNOSTIC_NOT_CHECKPOINT_EVALUATION,3395,1.2183001041412354,0.001,4.03171430000657,0.34877399999822956,4.399430299999949,23.23399999999674,0.4361825385790686,0.4361825385790686,0.47393779700213223,0.0,0.59416180804306,0.8276877761413843,0.8033358099113806,0.47393779791497237,0.8120370876081243,,0.6263736263736264,0.5855746510988494,0.613994691496303,0.6436324338555914,,3395,2522,840,33
M3-s43,M3,43,COMPLETED,6,2,False,False,ONLINE_PRE_UPDATE_CURRENT_VIEW_DIAGNOSTIC_NOT_CHECKPOINT_EVALUATION,3395,1.3254715204238892,0.001,4.067742699997325,0.31325370000558905,4.399209499999415,27.81199999999808,0.32959717827271645,0.32959717827271645,0.44138586696714643,0.0,0.4767258039279258,0.8786450662739322,0.8630266525338621,0.4413858658514796,0.8363957253145479,,0.6126373626373627,0.5901383908318046,0.6042598872466313,0.638446603734162,,3395,2542,829,24
M3-s43,M3,43,COMPLETED,7,2,False,False,ONLINE_PRE_UPDATE_CURRENT_VIEW_DIAGNOSTIC_NOT_CHECKPOINT_EVALUATION,3395,1.532668113708496,0.001,4.036156199996185,0.312721700000111,4.3674136999979964,32.375,0.2501587726675051,0.2501587726675051,0.4231191630918253,0.0,0.391198500354441,0.9151693667157584,0.9040685855038637,0.4231191649471323,0.8477487630767634,,0.6167582417582418,0.577770123290349,0.6205306305239171,0.621276009749609,,3395,2573,802,20
M3-s43,M3,43,COMPLETED,8,2,False,False,ONLINE_PRE_UPDATE_CURRENT_VIEW_DIAGNOSTIC_NOT_CHECKPOINT_EVALUATION,3395,1.615209698677063,0.001,4.075488900001801,0.33082719999947585,4.4245564000011655,36.96800000000076,0.18672363722315594,0.18672363722315594,0.40018962234126976,0.0,0.3201201821703447,0.9422680412371134,0.9346636678499222,0.400189622850171,0.8663365739011012,,0.6085164835164835,0.5882338150841303,0.6147597003932838,0.6190380846189698,,3395,2548,820,27
M3-s43,M3,43,COMPLETED,9,2,False,False,ONLINE_PRE_UPDATE_CURRENT_VIEW_DIAGNOSTIC_NOT_CHECKPOINT_EVALUATION,3395,1.706061601638794,0.001,4.115829800000938,0.32742290000169305,4.462412700006098,41.625,0.1612670346227679,0.1612670346227679,0.3850172416275485,0.0,0.2896061201071002,0.954639175257732,0.9490567395481412,0.38501724237696144,0.8741358944503774,,0.614010989010989,0.5855011473562156,0.6154180919018493,0.6244298845490017,,3395,2524,848,23
M3-s43,M3,43,COMPLETED,10,2,False,False,ONLINE_PRE_UPDATE_CURRENT_VIEW_DIAGNOSTIC_NOT_CHECKPOINT_EVALUATION,3395,1.8874075412750244,0.001,4.06332200000179,0.29702119999274146,4.379322200002207,46.18699999999808,0.13421290042166859,0.13421290042166859,0.37216903287286435,0.0,0.2582692494009661,0.9670103092783505,0.9632078547532875,0.3721690327175639,0.8799868757741398,,0.6002747252747253,0.5664194102762234,0.63010717085278,0.6110857069062561,,3395,2538,835,22
M3-s43,M3,43,COMPLETED,11,2,False,False,ONLINE_PRE_UPDATE_CURRENT_VIEW_DIAGNOSTIC_NOT_CHECKPOINT_EVALUATION,3395,2.0137460231781006,0.001,3.9951184000019566,0.3142521000045235,4.327571599998919,50.73399999999674,0.09564970472336518,0.09564970472336518,0.3625833439941083,0.0,0.2165108222717389,0.9779086892488954,0.9752535269412991,0.362583345246456,0.8852797988849216,,0.6167582417582418,0.5864108738320754,0.6213380893309227,0.6137395003933784,,3395,2577,795,23
M3-s43,M3,43,COMPLETED,12,2,True,False,ONLINE_PRE_UPDATE_CURRENT_VIEW_DIAGNOSTIC_NOT_CHECKPOINT_EVALUATION,3395,2.214653491973877,0.001,4.085931500005245,0.3174427999983891,4.421703200001502,55.35899999999674,0.08870116822333768,0.08870116822333768,0.35617614612312487,0.0,0.20742655362665038,0.979381443298969,0.9772456362814738,0.3561761474412069,0.8886418210967951,,0.6043956043956044,0.5733097694629364,0.6390041586975592,0.6044244715580558,,3395,2565,801,29
M4-s17,M4,17,COMPLETED,1,1,False,True,ONLINE_PRE_UPDATE_CURRENT_VIEW_DIAGNOSTIC_NOT_CHECKPOINT_EVALUATION,3395,1.013895869255066,0.001,4.978043199997046,0.3019516999993357,5.316241100001207,5.703000000001339,0.828423616039911,0.828423616039911,0.6927016925741541,0.09496445531390377,1.1542886420447978,0.629160530191458,0.5538359151400972,0.6927016914387704,0.5907158188848053,,0.6510989010989011,0.5943239018992958,0.6054710218744291,0.6632061098095099,,3395,2600,775,20
M4-s17,M4,17,COMPLETED,2,2,False,True,ONLINE_PRE_UPDATE_CURRENT_VIEW_DIAGNOSTIC_NOT_CHECKPOINT_EVALUATION,3395,1.0189876556396484,0.001,4.951279400003841,0.32986499999969965,5.317663599998923,11.203000000001339,0.6902774627500149,0.6902774627500149,0.5899303307413879,0.05899726106004792,0.9459181704823153,0.6966126656848306,0.6461305538188119,0.5899303331388921,0.7120722236278504,,0.6510989010989011,0.6057363322487381,0.6090073217143711,0.650475379748927,,3395,2515,863,17
M4-s17,M4,17,COMPLETED,3,2,False,False,ONLINE_PRE_UPDATE_CURRENT_VIEW_DIAGNOSTIC_NOT_CHECKPOINT_EVALUATION,3395,1.037285327911377,0.001,4.852267200003553,0.34366579999914393,5.213840200005507,16.593000000000757,0.6076550855552325,0.6076550855552325,0.5388827353584222,0.046541571113471604,0.8338242467267875,0.7455081001472754,0.7045390767411476,0.5388827373959132,0.7592912061405065,,0.6346153846153846,0.5862636076634545,0.5999649783048221,0.6637143377190111,,3395,2558,811,26
M4-s17,M4,17,COMPLETED,4,2,False,False,ONLINE_PRE_UPDATE_CURRENT_VIEW_DIAGNOSTIC_NOT_CHECKPOINT_EVALUATION,3395,1.08705472946167,0.001,4.9781374000012875,0.3185550999987754,5.315447500004666,22.125,0.5272518083606799,0.5272518083606799,0.499001560787038,0.03842208742744266,0.732007755481793,0.7855670103092783,0.7543007976489453,0.4990015624114347,0.7906527683195659,,0.6222527472527473,0.5886845182117876,0.5944061617560142,0.6528088103082135,,3395,2577,796,22
M4-s17,M4,17,COMPLETED,5,2,False,False,ONLINE_PRE_UPDATE_CURRENT_VIEW_DIAGNOSTIC_NOT_CHECKPOINT_EVALUATION,3395,1.207390308380127,0.001,4.905904199993529,0.30984869999520015,5.2339001999935135,27.54699999999866,0.42176683920604313,0.42176683920604313,0.47136667702615875,0.03246265539298704,0.611351725432764,0.8262150220913107,0.8001148315113596,0.4713666746611961,0.8177669770690225,,0.6057692307692307,0.5677985784902263,0.605705001185185,0.6294148899227345,,3395,2549,825,21
M4-s17,M4,17,COMPLETED,6,2,False,False,ONLINE_PRE_UPDATE_CURRENT_VIEW_DIAGNOSTIC_NOT_CHECKPOINT_EVALUATION,3395,1.2851769924163818,0.001,4.852726100005384,0.31604689999949187,5.187614200003736,32.92199999999866,0.33660485700584825,0.33660485700584825,0.4364876623708475,0.03124557688656717,0.5133463243321572,0.8768777614138439,0.8598261828961954,0.4364876612196217,0.8407926169293609,,0.6153846153846154,0.5897354497354498,0.6285633325025408,0.642465760034045,,3395,2522,849,24
M4-s17,M4,17,COMPLETED,7,2,False,False,ONLINE_PRE_UPDATE_CURRENT_VIEW_DIAGNOSTIC_NOT_CHECKPOINT_EVALUATION,3395,1.4367122650146484,0.001,4.827925500001584,0.3231789000055869,5.170751800003927,38.29699999999866,0.24732220333963853,0.24732220333963853,0.41268297254775865,0.03396707834409816,0.41885027785803325,0.9201767304860088,0.9089392443840797,0.4126829723008347,0.8550231598280907,,0.6057692307692307,0.586136084027807,0.6500784791788536,0.6053068984371152,,3395,2571,801,23
M4-s17,M4,17,COMPLETED,8,2,False,False,ONLINE_PRE_UPDATE_CURRENT_VIEW_DIAGNOSTIC_NOT_CHECKPOINT_EVALUATION,3395,1.5147119760513306,0.001,5.010396600002423,0.3118620000022929,5.341494500004046,43.85899999999674,0.20217771390576425,0.20217771390576425,0.3946774340167488,0.037405822414010546,0.371142685308021,0.9419734904270987,0.9347814255842309,0.3946774356675489,0.8688312394537187,,0.6002747252747253,0.5727775171149486,0.6484369311496426,0.6143281778626735,,3395,2490,885,20
M4-s17,M4,17,COMPLETED,9,2,False,False,ONLINE_PRE_UPDATE_CURRENT_VIEW_DIAGNOSTIC_NOT_CHECKPOINT_EVALUATION,3395,1.4954674243927002,0.001,4.805400899997039,0.3428404000005685,5.168038399999205,49.21800000000076,0.15553598807293467,0.15553598807293467,0.3760498760462861,0.03834810440534169,0.3192340548110465,0.9602356406480118,0.9545923313601611,0.3760498752826084,0.8808581778802413,,0.603021978021978,0.5786878315204699,0.6390933285070427,0.6228763051508313,,3395,2553,823,19
M4-s17,M4,17,COMPLETED,10,2,False,False,ONLINE_PRE_UPDATE_CURRENT_VIEW_DIAGNOSTIC_NOT_CHECKPOINT_EVALUATION,3395,1.507763147354126,0.001,4.88449319999927,0.3058424999981071,5.208668999999645,54.625,0.14599686587155306,0.14599686587155306,0.36638087217691895,0.040353320810027606,0.3084771476938377,0.9684830633284242,0.9648635249551415,0.36638087345591014,0.8838222480703791,,0.6085164835164835,0.5823707194848263,0.6360027193568984,0.6322375238689917,,3395,2512,863,20
M4-s17,M4,17,COMPLETED,11,2,False,False,ONLINE_PRE_UPDATE_CURRENT_VIEW_DIAGNOSTIC_NOT_CHECKPOINT_EVALUATION,3395,1.5148236751556396,0.001,4.77194139999483,0.3563899000000674,5.148687399996561,59.95300000000134,0.10720694116008124,0.10720694116008124,0.350342193223942,0.0413554489557715,0.26534312547394384,0.9779086892488954,0.9751312937451271,0.3503421938734675,0.8971206847247594,,0.6085164835164835,0.5772023446463147,0.6452077485724598,0.6256408626581749,,3395,2559,808,28
M4-s17,M4,17,COMPLETED,12,2,True,False,ONLINE_PRE_UPDATE_CURRENT_VIEW_DIAGNOSTIC_NOT_CHECKPOINT_EVALUATION,3395,1.519972801208496,0.001,4.940947099996265,0.31069579999893904,5.27002640000137,65.4059999999954,0.09817060447450239,0.09817060447450239,0.3382953034102127,0.04144798539354656,0.2523836937454558,0.9814432989690721,0.9790743639496013,0.33829530422402265,0.9005876225328494,,0.5906593406593407,0.5642165107924147,0.6376590613123211,0.6185691750349213,,3395,2561,813,21
M4-s29,M4,29,COMPLETED,1,1,False,True,ONLINE_PRE_UPDATE_CURRENT_VIEW_DIAGNOSTIC_NOT_CHECKPOINT_EVALUATION,3395,1.022293210029602,0.001,4.785500899997714,0.31286420000105863,5.136696099994879,5.530999999995402,0.8265964771493369,0.8265964771493369,0.7007748407274704,0.019626781882084523,1.079814884044636,0.6285714285714286,0.5357507726430879,0.7007748405523502,0.5742236705682634,,0.6304945054945055,0.5831785074361026,0.6335419829868313,0.6425245472388491,,3395,2581,794,20
M4-s29,M4,29,COMPLETED,2,2,False,True,ONLINE_PRE_UPDATE_CURRENT_VIEW_DIAGNOSTIC_NOT_CHECKPOINT_EVALUATION,3395,1.0159416198730469,0.001,4.906509200001892,0.3061059999963618,5.249137500002689,10.968999999997322,0.678438079848732,0.678438079848732,0.579211383364513,0.008304820027043261,0.8798133697355267,0.7131075110456554,0.658815432152414,0.5792113832835881,0.7187148845428634,,0.6346153846153846,0.5985527716128841,0.6106304390180682,0.645354179648001,,3395,2535,831,29
M4-s29,M4,29,COMPLETED,3,3,False,True,ONLINE_PRE_UPDATE_CURRENT_VIEW_DIAGNOSTIC_NOT_CHECKPOINT_EVALUATION,3395,1.0385973453521729,0.001,4.863458899999387,0.31583530000352766,5.21644660000311,16.389999999999418,0.6068267090155555,0.6068267090155555,0.5357332497352353,0.010253398845161535,0.795657864278827,0.7499263622974963,0.7070855903103431,0.5357332519748329,0.7612900233776647,,0.6373626373626373,0.5995162058490372,0.6182721011627819,0.6357012673977187,,3395,2543,830,22
M4-s29,M4,29,COMPLETED,4,3,False,False,ONLINE_PRE_UPDATE_CURRENT_VIEW_DIAGNOSTIC_NOT_CHECKPOINT_EVALUATION,3395,1.0861363410949707,0.001,4.822609200004081,0.3266557000024477,5.168537900004594,21.79699999999866,0.5223123321564805,0.5223123321564805,0.4975758379969927,0.017168799473935622,0.7053397515209855,0.7917525773195876,0.7590360141961954,0.4975758395054884,0.792504663616213,,0.6181318681318682,0.5743313954320489,0.6081131244457908,0.6374020183022112,,3395,2565,812,18
M4-s29,M4,29,COMPLETED,5,3,False,False,ONLINE_PRE_UPDATE_CURRENT_VIEW_DIAGNOSTIC_NOT_CHECKPOINT_EVALUATION,3395,1.13543701171875,0.001,4.793594000002486,0.3134758000014699,5.125454799999716,27.10899999999674,0.43651326982323657,0.43651326982323657,0.4596752439314206,0.027273354104916197,0.6170117108258302,0.8279823269513991,0.8026306204960375,0.45967524433693685,0.8245161998546319,,0.6236263736263736,0.5879482379831442,0.6269424842700303,0.6185103730169138,,3395,2541,829,25
M4-s29,M4,29,COMPLETED,6,3,False,False,ONLINE_PRE_UPDATE_CURRENT_VIEW_DIAGNOSTIC_NOT_CHECKPOINT_EVALUATION,3395,1.1810579299926758,0.001,4.780550300005416,0.30012120000174036,5.099907100004202,32.42199999999866,0.3540490701553221,0.3540490701553221,0.42504200923074154,0.03869169633588664,0.5344214433159498,0.8762886597938144,0.8579910436098438,0.4250420091048621,0.8476200726121832,,0.6167582417582418,0.5899632810018124,0.633500498907569,0.6289271608037762,,3395,2533,842,20
M4-s29,M4,29,COMPLETED,7,3,False,False,ONLINE_PRE_UPDATE_CURRENT_VIEW_DIAGNOSTIC_NOT_CHECKPOINT_EVALUATION,3395,1.2441785335540771,0.001,4.72272669999802,0.32159710000269115,5.0639007999998285,37.68699999999808,0.2780722333335034,0.2780722333335034,0.3998142021218526,0.05071436364055558,0.46205800099295613,0.9131075110456554,0.899961290799321,0.39981420345022173,0.86527516835988,,0.6002747252747253,0.5791485331645027,0.6331579772445916,0.6309174911362861,,3395,2512,857,26
M4-s29,M4,29,COMPLETED,8,3,False,False,ONLINE_PRE_UPDATE_CURRENT_VIEW_DIAGNOSTIC_NOT_CHECKPOINT_EVALUATION,3395,1.3040058612823486,0.001,4.915901899999881,0.35026490000018384,5.284703900004388,43.17199999999866,0.22893825181717373,0.22893825181717373,0.38093845918884334,0.060598802482585847,0.41651654347492073,0.9416789396170839,0.9343121362134555,0.3809384575451413,0.8791335377588987,,0.5989010989010989,0.5767406177376347,0.6423127443710684,0.605260260406484,,3395,2536,829,30
M4-s29,M4,29,COMPLETED,9,3,False,False,ONLINE_PRE_UPDATE_CURRENT_VIEW_DIAGNOSTIC_NOT_CHECKPOINT_EVALUATION,3395,1.3073898553848267,0.001,4.903107199999795,0.31565299999783747,5.237734700000146,48.625,0.1833697682803439,0.1833697682803439,0.3594617233536205,0.06696337626942479,0.3701537233389179,0.9605301914580265,0.9564074445022759,0.35946172382205926,0.8907171596450345,,0.5989010989010989,0.5732487385632311,0.646523217451861,0.6225129227677507,,3395,2507,867,21
M4-s29,M4,29,COMPLETED,10,3,False,False,ONLINE_PRE_UPDATE_CURRENT_VIEW_DIAGNOSTIC_NOT_CHECKPOINT_EVALUATION,3395,1.3394098281860352,0.001,4.8809380999955465,0.306980499997735,5.206331399996998,54.0309999999954,0.16839784242443204,0.16839784242443204,0.3439167297641378,0.0705373215427367,0.3535740772253986,0.9670103092783505,0.9639418520738703,0.3439167328294784,0.8987677770192877,,0.5906593406593407,0.5506197667601165,0.6445022394837796,0.6035310740927795,,3395,2549,821,25
M4-s29,M4,29,COMPLETED,11,3,False,False,ONLINE_PRE_UPDATE_CURRENT_VIEW_DIAGNOSTIC_NOT_CHECKPOINT_EVALUATION,3395,1.3376355171203613,0.001,4.7890712000007625,0.3238149000026169,5.131320100001176,59.35899999999674,0.1374838497176964,0.1374838497176964,0.3307971168029642,0.0728786212267335,0.32062817930034054,0.9811487481590574,0.9792759341710385,0.3307971193663987,0.9086584379340232,,0.5934065934065934,0.5551228138960309,0.6377584859864738,0.6058147585725969,,3395,2556,809,30
M4-s29,M4,29,COMPLETED,12,3,False,False,ONLINE_PRE_UPDATE_CURRENT_VIEW_DIAGNOSTIC_NOT_CHECKPOINT_EVALUATION,3395,1.3466861248016357,0.001,4.826940800005104,0.322284200003196,5.1687383000025875,64.73399999999674,0.12108347135237987,0.12108347135237987,0.3238932705285447,0.07687392282314785,0.30592182064003726,0.9837997054491899,0.9817552503087835,0.3238932697854755,0.9148951385299192,,0.6112637362637363,0.5783876144846175,0.6528301510095064,0.6135310461976003,,3395,2539,834,22
M4-s29,M4,29,COMPLETED,13,3,True,False,ONLINE_PRE_UPDATE_CURRENT_VIEW_DIAGNOSTIC_NOT_CHECKPOINT_EVALUATION,3395,1.380860447883606,0.001,4.80411450000247,0.3130821999948239,5.135486899998796,70.04699999999866,0.10954154496340407,0.10954154496340407,0.301042280509651,0.0758677635193749,0.28575673917958594,0.9879234167893962,0.9865657320358486,0.30104228211635387,0.9255338413866608,,0.5865384615384616,0.5561916557424982,0.6509578893516675,0.6024628153645036,,3395,2559,816,20
M4-s43,M4,43,COMPLETED,1,1,False,True,ONLINE_PRE_UPDATE_CURRENT_VIEW_DIAGNOSTIC_NOT_CHECKPOINT_EVALUATION,3395,1.0021239519119263,0.001,4.938512599997921,0.30565600000409177,5.282425299999886,5.703000000001339,0.8268093708864193,0.8268093708864193,0.6948668367293868,0.01778463926632643,1.0762162930308807,0.6167893961708395,0.5449218374987472,0.694866834104127,0.5802710298330103,,0.6222527472527473,0.5701173686448209,0.6068298858123483,0.6380493603921857,,3395,2511,859,25
M4-s43,M4,43,COMPLETED,2,2,False,True,ONLINE_PRE_UPDATE_CURRENT_VIEW_DIAGNOSTIC_NOT_CHECKPOINT_EVALUATION,3395,1.0043812990188599,0.001,4.980948399999761,0.29981229999975767,5.3166696000043885,11.219000000004598,0.6848236119097568,0.6848236119097568,0.5867565867651545,0.007828263515388437,0.8882374114596967,0.7083946980854198,0.6565726324945307,0.5867565869965107,0.7161423599549798,,0.6414835164835165,0.6007635535147213,0.5942817596753209,0.6380953411830635,,3395,2593,781,21
M4-s43,M4,43,COMPLETED,3,2,False,False,ONLINE_PRE_UPDATE_CURRENT_VIEW_DIAGNOSTIC_NOT_CHECKPOINT_EVALUATION,3395,1.0269238948822021,0.001,4.7531128999980865,0.3107294000001275,5.082182899997861,16.484000000004016,0.6165935743364214,0.6165935743364214,0.5470916834864245,0.009147891668611054,0.8081053696605699,0.7387334315169367,0.6938637452389433,0.5470916845448952,0.7493750201701016,,0.6346153846153846,0.5913811777255097,0.5942786493961338,0.6698559023390553,,3395,2548,830,17
M4-s43,M4,43,COMPLETED,4,2,False,False,ONLINE_PRE_UPDATE_CURRENT_VIEW_DIAGNOSTIC_NOT_CHECKPOINT_EVALUATION,3395,1.0614609718322754,0.001,4.886788199997682,0.32400009999400936,5.229421199997887,21.89100000000326,0.5329135730401757,0.5329135730401757,0.506148101312598,0.016281180026967063,0.7179107961054227,0.7790868924889544,0.7446740145917524,0.5061481010420481,0.786950162787872,,0.6263736263736264,0.5918854605352658,0.5995069341649298,0.6462868731014726,,3395,2584,787,24
M4-s43,M4,43,COMPLETED,5,2,False,False,ONLINE_PRE_UPDATE_CURRENT_VIEW_DIAGNOSTIC_NOT_CHECKPOINT_EVALUATION,3395,1.1413757801055908,0.001,4.862945199995011,0.30933629999344703,5.190999200000078,27.26600000000326,0.4458008940379644,0.4458008940379644,0.47482416218966905,0.026023600347592483,0.6300992186975409,0.8318114874815906,0.8086165751917194,0.47482416257978893,0.8111590047734996,,0.6318681318681318,0.5923608948232691,0.6146523937123065,0.64244585043461,,3395,2522,840,33
M4-s43,M4,43,COMPLETED,6,2,False,False,ONLINE_PRE_UPDATE_CURRENT_VIEW_DIAGNOSTIC_NOT_CHECKPOINT_EVALUATION,3395,1.178699254989624,0.001,4.861067699996056,0.3182874999984051,5.198222500002885,32.65600000000268,0.3503374848871414,0.3503374848871414,0.4405104700656984,0.0397766927921039,0.5369510058450769,0.8792341678939617,0.8651371736909096,0.4405104708594828,0.836915593200547,,0.6208791208791209,0.5936588944080703,0.6105432250216516,0.6275607956954349,,3395,2542,829,24
M4-s43,M4,43,COMPLETED,7,2,False,False,ONLINE_PRE_UPDATE_CURRENT_VIEW_DIAGNOSTIC_NOT_CHECKPOINT_EVALUATION,3395,1.2557332515716553,0.001,4.719529299996793,0.34586810000473633,5.084973099998024,37.9690000000046,0.27192371816803673,0.27192371816803673,0.4116715283737969,0.05142750736320493,0.46057507397499986,0.9166421207658321,0.9059468419538236,0.4116715283096399,0.8555846712335506,,0.614010989010989,0.5808913308913309,0.6224679853173887,0.6122347629956267,,3395,2573,802,20
M4-s43,M4,43,COMPLETED,8,2,False,False,ONLINE_PRE_UPDATE_CURRENT_VIEW_DIAGNOSTIC_NOT_CHECKPOINT_EVALUATION,3395,1.2436716556549072,0.001,4.895700799999759,0.30804560000251513,5.222567699995125,43.359000000004016,0.21346992065962705,0.21346992065962705,0.3901581365774236,0.06387187115332339,0.4073945076546367,0.9516936671575846,0.9453362249078722,0.39015813666229193,0.8736909284587235,,0.6085164835164835,0.5885604342877114,0.6138150287991336,0.6079764654831005,,3395,2548,820,27
M4-s43,M4,43,COMPLETED,9,2,False,False,ONLINE_PRE_UPDATE_CURRENT_VIEW_DIAGNOSTIC_NOT_CHECKPOINT_EVALUATION,3395,1.290698766708374,0.001,4.780780399996729,0.31423880000511417,5.113585499995679,48.67200000000594,0.18003098189567432,0.18003098189567432,0.37397850578066527,0.07040685667644017,0.37509734465552713,0.964359351988218,0.960106685084778,0.37397850904224883,0.882385953869919,,0.6043956043956044,0.5717264954469065,0.6183108729035287,0.6226982298382362,,3395,2524,848,23
M4-s43,M4,43,COMPLETED,10,2,False,False,ONLINE_PRE_UPDATE_CURRENT_VIEW_DIAGNOSTIC_NOT_CHECKPOINT_EVALUATION,3395,1.2810946702957153,0.001,4.759592000002158,0.31116800000017975,5.089439199997287,53.937000000005355,0.16782360163809448,0.16782360163809448,0.35753029634043115,0.07275905423579582,0.35975942525667015,0.9684830633284242,0.9654309796849354,0.35753029633371025,0.89218963137848,,0.6057692307692307,0.569134465531512,0.6332228248518352,0.6004726365036342,,3395,2538,835,22
M4-s43,M4,43,COMPLETED,11,2,False,False,ONLINE_PRE_UPDATE_CURRENT_VIEW_DIAGNOSTIC_NOT_CHECKPOINT_EVALUATION,3395,1.3112982511520386,0.001,4.730638699998963,0.3147247000015341,5.064159800000198,59.20300000000134,0.1295160401332712,0.1295160401332712,0.3418193895528875,0.07576609853221672,0.3192219388414728,0.9861561119293079,0.9848365080200873,0.3418193896453339,0.9011849082020634,,0.6153846153846154,0.5834553672944566,0.628967742218155,0.5989302024636549,,3395,2577,795,23
M4-s43,M4,43,COMPLETED,12,2,True,False,ONLINE_PRE_UPDATE_CURRENT_VIEW_DIAGNOSTIC_NOT_CHECKPOINT_EVALUATION,3395,1.303052544593811,0.001,4.747530000000552,0.3314193000041996,5.102142000003369,64.48400000000402,0.12695620315634976,0.12695620315634976,0.3224072586717592,0.07779770354700545,0.31222299577912455,0.9817378497790868,0.9797554257417666,0.32240726035067724,0.9087219886445385,,0.6153846153846154,0.5833355038605048,0.6416144722590995,0.5961616105986316,,3395,2565,801,29
